{
    "LabelFinish": "Dokon\u010dit",
    "LabelYoureDone": "Hotovo!",
    "ThisWizardWillGuideYou": "Tento pr\u016fvodce v\u00e1m pom\u016f\u017ee proj\u00edt procesem nastaven\u00ed. Pro za\u010d\u00e1tek vyberte up\u0159ednost\u0148ovan\u00fd jazyk.",
    "HeaderCreateYourFirstUser": "Vytvo\u0159te sv\u00e9ho prvn\u00edho u\u017eivatele",
    "ButtonQuickStartGuide": "Pr\u016fvodce rychl\u00fdm nastaven\u00edm",
    "MoreUsersCanBeAddedLater": "Dal\u0161\u00ed u\u017eivatele m\u016f\u017eete p\u0159idat pozd\u011bji v nastaven\u00ed Serveru Emby.",
    "UserProfilesIntro": "Emby obsahuje vestav\u011bnou podporu u\u017eivatelsk\u00fdch profil\u016f, umo\u017e\u0148uj\u00edc\u00ed ka\u017ed\u00e9mu u\u017eivateli m\u00edt sv\u00e9 vlastn\u00ed nastaven\u00ed zobrazen\u00ed, stav p\u0159ehr\u00e1n\u00ed a rodi\u010dovsk\u00e9 kontroly.",
    "WizardCompleted": "To je v\u0161e, co nyn\u00ed pot\u0159ebujeme. Emby za\u010dalo shroma\u017e\u010fovat informace o va\u0161\u00ed knihovn\u011b m\u00e9di\u00ed. Pod\u00edvejte se na n\u011bkter\u00e9 z na\u0161ich aplikac\u00ed, a potom klepn\u011bte na tla\u010d\u00edtko <b>Dokon\u010dit<\/b> pro zobrazen\u00ed <b>N\u00e1st\u011bnky serveru<\/b>.",
    "HeaderTermsOfService": "Podm\u00ednky slu\u017eby Emby",
    "MessagePleaseAcceptTermsOfService": "Ne\u017e budete pokra\u010dovat, p\u0159ijm\u011bte pros\u00edm podm\u00ednky slu\u017eby a z\u00e1sady ochrany osobn\u00edch \u00fadaj\u016f.",
    "OptionIAcceptTermsOfService": "Souhlas\u00edm s podm\u00ednkami slu\u017eby",
    "HeaderGuideDataSetup": "Nastaven\u00ed pr\u016fvodce",
    "LabelGuideSource": "Zdroj pr\u016fvodce:",
    "SeeOurHwaGuide": "Prohl\u00eddn\u011bte si {0}pr\u016fvodce nastaven\u00edm hardwarov\u00e9ho zrychlen\u00ed{1}.",
    "HeaderEmbyServerReleaseNotes": "Pozn\u00e1mky k nov\u00e9 verzi Serveru Emby",
    "AllowSubtitleDownloading": "Povolit stahov\u00e1n\u00ed titulk\u016f",
    "AllowSubtitleManagement": "Povolit odstran\u011bn\u00ed existuj\u00edc\u00edch soubor\u016f titulk\u016f",
    "NewUserNameHelp": "Takto se u\u017eivatel objev\u00ed na serveru.",
    "ChapterMarkers": "Zna\u010dky kapitol",
    "LabelThumbnailImagesInterval": "Interval obr\u00e1zk\u016f n\u00e1hled\u016f:",
    "ThumbnailImagesIntervalHelp": "\u010cast\u011bj\u0161\u00ed n\u00e1hledy vylep\u0161\u00ed v\u00e1\u0161 z\u00e1\u017eitek, ale vytvo\u0159en\u00ed obr\u00e1zk\u016f bude vy\u017eadovat v\u00edce m\u00edsta na disku a \u010dasu.",
    "LabelAuthProvider": "Poskytovatel ov\u011b\u0159en\u00ed:",
    "AuthProviderHelp": "Administr\u00e1to\u0159i v\u017edy pou\u017e\u00edvaj\u00ed v\u00fdchoz\u00edho poskytovatele Emby, abyste nebyli nikdy zablokov\u00e1ni.",
    "HeaderNewUser": "Nov\u00fd u\u017eivatel",
    "ChangeServerDisplayName": "Zm\u011bnit zobrazovan\u00fd n\u00e1zev serveru",
    "GetServerInfo": "Z\u00edskat informace o serveru",
    "LabelPinCode": "Pin k\u00f3d:",
    "ShowAdvancedSettings": "Zobrazit roz\u0161\u00ed\u0159en\u00e1 nastaven\u00ed",
    "ChangingMetadataImageSettingsNewContent": "Zm\u011bny nastaven\u00ed stahov\u00e1n\u00ed metadat nebo obr\u00e1zk\u016f se pou\u017eij\u00ed pouze na nov\u00fd obsah p\u0159idan\u00fd do va\u0161\u00ed knihovny. Pro pou\u017eit\u00ed zm\u011bn na existuj\u00edc\u00ed polo\u017eky, je nutn\u00e9 obnovit jejich metadata ru\u010dn\u011b.",
    "AllowRemoteAccess": "Povolit vzd\u00e1len\u00e1 p\u0159ipojen\u00ed k tomuto Serveru Emby.",
    "AllowRemoteAccessHelp": "Pokud nen\u00ed za\u0161krtnuto, v\u0161echna vzd\u00e1len\u00e1 p\u0159ipojen\u00ed budou blokov\u00e1na.",
    "Alerts": "Upozorn\u011bn\u00ed",
    "LabelTrackTitleDisplay": "Vlo\u017een\u00fd n\u00e1zev skladby:",
    "GenerateUserFriendlyTrackTitles": "Vytvo\u0159it u\u017eivatelsky p\u0159\u00edv\u011btiv\u00e9 n\u00e1zvy pou\u017eit\u00edm informac\u00ed o stop\u011b",
    "PreferOriginalTrackTitles": "Up\u0159ednost\u0148ovat vlo\u017een\u00e9 n\u00e1zvy",
    "TrackTitleDisplayHelp": "Zvolte zobrazen\u00fd n\u00e1zev vlo\u017een\u00fdch stop audia a titulk\u016f. Up\u0159ednostn\u011bn\u00ed vlo\u017een\u00fdch nen\u00ed doporu\u010deno, pokud ru\u010dn\u011b neo\u0161et\u0159\u00edte vlo\u017een\u00e9 informace o stop\u011b.",
    "EnableTranscodingThrottle": "Povolit omezov\u00e1n\u00ed",
    "EnableTranscodingThrottleHelp": "Emby dynamicky uprav\u00ed rychlost p\u0159ek\u00f3dov\u00e1n\u00ed, aby se sn\u00ed\u017eilo vyu\u017eit\u00ed procesoru.",
    "HeaderTypeMetadataDownloaders": "{0} Stahova\u010de metadat",
    "HeaderTypeImageFetchers": "{0} stahova\u010d\u016f obr\u00e1zk\u016f",
    "HeaderImageOptions": "Mo\u017enosti obr\u00e1zk\u016f",
    "OptionBeta": "Beta",
    "HeaderTaskTriggers": "Spou\u0161t\u011b\u010de \u00faloh",
    "Paths": "Cesty",
    "CategorySync": "Synchronizace",
    "RegisterWithPayPal": "Zaregistrujte se pomoc\u00ed PayPal",
    "LabelSyncTempPath": "Cesta pro do\u010dasn\u00e9 soubory:",
    "LabelSyncTempPathHelp": "Zadejte vlastn\u00ed pracovn\u00ed slo\u017eku. Budou zde ulo\u017eena p\u0159eveden\u00e1 m\u00e9dia vytvo\u0159en\u00e1 b\u011bhem procesu p\u0159evodu.",
    "LabelCustomCertificatePath": "Vlastn\u00ed cesta k certifik\u00e1tu ssl:",
    "LabelCustomCertificatePathHelp": "Cesta k souboru PKCS #12 obsahuj\u00edc\u00edmu certifik\u00e1t a soukrom\u00fd kl\u00ed\u010d pro povolen\u00ed podpory TLS na vlastn\u00ed dom\u00e9n\u011b.",
    "HeaderSetupLibrary": "Nastaven\u00ed knihoven m\u00e9di\u00ed",
    "LabelTimeLimitHours": "\u010casov\u00fd limit (v hodin\u00e1ch):",
    "HeaderPreferredMetadataLanguage": "Up\u0159ednost\u0148ovan\u00fd jazyk metadat:",
    "LabelSaveLocalMetadata": "Ulo\u017eit obr\u00e1zky do slo\u017eek s m\u00e9dii",
    "LabelSaveLocalMetadataHelp": "Ukl\u00e1d\u00e1n\u00ed obr\u00e1zk\u016f do slo\u017eek s m\u00e9dii zajist\u00ed jejich um\u00edst\u011bn\u00ed v oblasti, kde mo\u017en\u00e9 je jednodu\u0161e udr\u017eovat a upravovat.",
    "TabPassword": "Heslo",
    "TabLibraryAccess": "P\u0159\u00edstup ke knihovn\u011b",
    "TabAccess": "P\u0159\u00edstup",
    "TabProfile": "Profil",
    "TabMetadata": "Metadata",
    "HeaderDeviceAccess": "P\u0159\u00edstup k za\u0159\u00edzen\u00ed",
    "OptionEnableAccessFromAllDevices": "Povolit p\u0159\u00edstup ze v\u0161ech za\u0159\u00edzen\u00ed",
    "OptionEnableAccessToAllChannels": "Povolit p\u0159\u00edstup ke v\u0161em kan\u00e1l\u016fm",
    "OptionEnableAccessToAllLibraries": "Povolit p\u0159\u00edstup ke v\u0161em knihovn\u00e1m",
    "DeviceAccessHelp": "Filtrov\u00e1n\u00ed p\u0159\u00edstupu za\u0159\u00edzen\u00ed u\u017eivatel\u016f jim zabr\u00e1n\u00ed v u\u017e\u00edv\u00e1n\u00ed nov\u00fdch za\u0159\u00edzen\u00ed, dokud zde nebudou schv\u00e1lena.",
    "LabelDisplayMissingEpisodesWithinSeasons": "Zobrazit chyb\u011bj\u00edc\u00ed epizody v sez\u00f3n\u00e1ch",
    "LabelDisplayMissingEpisodesWithinSeasonsHelp": "Toto mus\u00ed b\u00fdt tak\u00e9 povoleno pro knihovny TV v nastaven\u00ed Serveru Emby.",
    "ImportMissingEpisodesHelp": "Pokud je povoleno, budou informace o chyb\u011bj\u00edc\u00edch epizod\u00e1ch importov\u00e1ny do datab\u00e1ze Emby a zobrazeny v sez\u00f3n\u00e1ch a seri\u00e1lech. To m\u016f\u017ee zp\u016fsobit podstatn\u011b del\u0161\u00ed skenov\u00e1n\u00ed knihovny.",
    "MessageEnablingOptionLongerScans": "Povolen\u00ed t\u00e9to mo\u017enosti m\u016f\u017ee zp\u016fsobit podstatn\u011b del\u0161\u00ed skenov\u00e1n\u00ed knihovny.",
    "TabSecurity": "Zabezpe\u010den\u00ed",
    "ButtonSave": "Ulo\u017eit",
    "LabelUrl": "Url:",
    "HeaderCreatePassword": "Vytvo\u0159it heslo",
    "LabelMaxParentalRating": "Maxim\u00e1ln\u00ed povolen\u00e9 rodi\u010dovsk\u00e9 hodnocen\u00ed:",
    "MaxParentalRatingHelp": "Obsah s vy\u0161\u0161\u00edm hodnocen\u00edm bude tomuto u\u017eivateli skryt.",
    "LibraryAccessHelp": "Vyberte slo\u017eky m\u00e9di\u00ed, kter\u00e9 chcete sd\u00edlet s t\u00edmto u\u017eivatelem. Administr\u00e1to\u0159i budou moci upravovat v\u0161echny slo\u017eky pomoc\u00ed spr\u00e1vce metadat.",
    "ChannelAccessHelp": "Vyberte kan\u00e1ly, kter\u00e9 chcete sd\u00edlet s t\u00edmto u\u017eivatelem. Administr\u00e1to\u0159i budou moci upravovat v\u0161echny kan\u00e1ly pomoc\u00ed spr\u00e1vce metadat.",
    "LabelSelectUsers": "Vyberte u\u017eivatele:",
    "ImageUploadAspectRatioHelp": "Doporu\u010den pom\u011br 1:1. Pouze JPG\/PNG.",
    "AlreadyPaidHelp1": "Pokud jste ji\u017e zaplatili za instalaci star\u0161\u00ed verze Media Browser pro Android, nemus\u00edte platit znovu, abyste aktivovali tuto aplikaci. Kliknut\u00edm na tla\u010d\u00edtko OK n\u00e1m po\u0161lete e-mail na {0} a my v\u00e1m ji aktivujeme.",
    "AlreadyPaidHelp2": "Vlastn\u00edte Emby Premiere? Stornujte toto dialogov\u00e9 okno, nastavte Emby Premiere na N\u00e1st\u011bnce Serveru Emby pod N\u00e1pov\u011bda -> Emby Premiere a funkce bude automaticky odblokov\u00e1na.",
    "TabMyPlugins": "M\u00e9 z\u00e1suvn\u00e9 moduly",
    "TabCatalog": "Katalog",
    "HeaderAutomaticUpdates": "Automatick\u00e9 aktualizace",
    "Standard": "Standardn\u00ed",
    "TabAdvanced": "Roz\u0161\u00ed\u0159en\u00e9",
    "TabGeneral": "Obecn\u00e9",
    "TitleSupport": "Podpora",
    "TabAbout": "O programu",
    "TabSupporterKey": "Kl\u00ed\u010d Emby Premiere",
    "TabBecomeSupporter": "Z\u00edskat Emby Premiere",
    "TabEmbyPremiere": "Emby Premiere",
    "OptionHideUserLocal": "Skr\u00fdt tohoto u\u017eivatele na p\u0159ihla\u0161ovac\u00edch obrazovk\u00e1ch v m\u00edstn\u00ed s\u00edti",
    "OptionHideUserRemote": "Skr\u00fdt tohoto u\u017eivatele na p\u0159ihla\u0161ovac\u00edch obrazovk\u00e1ch p\u0159i vzd\u00e1len\u00e9m p\u0159ipojen\u00ed",
    "OptionHideUserFromLoginHelp": "U\u017eite\u010dn\u00e9 pro soukrom\u00e9 nebo skryt\u00e9 administr\u00e1torsk\u00e9 \u00fa\u010dty. U\u017eivatel se bude muset p\u0159ihl\u00e1sit ru\u010dn\u011b zad\u00e1n\u00edm u\u017eivatelsk\u00e9ho jm\u00e9na a hesla.",
    "HideFromUnusedDevices": "Skr\u00fdt tohoto u\u017eivatele z p\u0159ihla\u0161ovac\u00edch obrazovek na za\u0159\u00edzen\u00edch, ke kter\u00fdm se nikdy nep\u0159ihl\u00e1sil",
    "OptionDisableUser": "Zak\u00e1zat tohoto u\u017eivatele",
    "OptionDisableUserHelp": "Pokud je zak\u00e1z\u00e1no, server neumo\u017en\u00ed tomuto u\u017eivateli \u017e\u00e1dn\u00e9 p\u0159ipojen\u00ed. Existuj\u00edc\u00ed p\u0159ipojen\u00ed bude okam\u017eit\u011b ukon\u010deno.",
    "ButtonHelp": "N\u00e1pov\u011bda",
    "OptionAllowUserToManageServer": "Povolit tomuto u\u017eivateli spr\u00e1vu serveru",
    "HeaderFeatureAccess": "P\u0159\u00edstup k funkc\u00edm",
    "OptionAllowMediaPlayback": "Povolit p\u0159ehr\u00e1v\u00e1n\u00ed m\u00e9di\u00ed",
    "OptionAllowBrowsingLiveTv": "Povolit p\u0159\u00edstup k Live TV",
    "AllLibraries": "V\u0161echny knihovny",
    "HeaderAllowMediaDeletionFrom": "Povolit odstra\u0148ov\u00e1n\u00ed m\u00e9di\u00ed z",
    "AllowDeletionFromAll": "Povolit odstra\u0148ov\u00e1n\u00ed m\u00e9di\u00ed ze v\u0161ech knihoven",
    "OptionAllowManageLiveTv": "Povolit spr\u00e1vu nahr\u00e1vek z Live TV",
    "OptionAllowRemoteControlOthers": "Povolit vzd\u00e1len\u00e9 ovl\u00e1d\u00e1n\u00ed ostatn\u00edch u\u017eivatel\u016f",
    "OptionAllowRemoteSharedDevices": "Povolit vzd\u00e1len\u00e9 ovl\u00e1d\u00e1n\u00ed sd\u00edlen\u00fdch za\u0159\u00edzen\u00ed",
    "OptionAllowRemoteSharedDevicesHelp": "DLNA za\u0159\u00edzen\u00ed jsou pova\u017eov\u00e1na za sd\u00edlen\u00e1, dokud je u\u017eivatel neza\u010dne omezovat.",
    "OptionAllowLinkSharing": "Povolit sd\u00edlen\u00ed soci\u00e1ln\u00edch m\u00e9di\u00ed",
    "OptionAllowLinkSharingHelp": "Sd\u00edleny jsou pouze webov\u00e9 str\u00e1nky obsahuj\u00edc\u00ed informace o m\u00e9di\u00edch. Soubory m\u00e9di\u00ed nejsou nikdy ve\u0159ejn\u011b sd\u00edleny. Sd\u00edlen\u00e9 polo\u017eky jsou \u010dasov\u011b omezen\u00e9 a vypr\u0161\u00ed za {0} dn\u00ed.",
    "OptionMissingTmdbId": "Chyb\u011bj\u00edc\u00ed Tmdb Id",
    "OptionIsHD": "HD",
    "OptionIsSD": "SD",
    "ButtonSelect": "Vybrat",
    "HeaderCredits": "Kredity",
    "PleaseSupportOtherProduces": "Podpo\u0159te dal\u0161\u00ed bezplatn\u00e9 produkty, kter\u00e9 vyu\u017e\u00edv\u00e1me:",
    "VersionNumber": "Verze {0}",
    "TabPaths": "Cesty",
    "Cache": "Mezipam\u011b\u0165",
    "TabServer": "Server",
    "OptionRelease": "Ofici\u00e1ln\u00ed vyd\u00e1n\u00ed",
    "LabelAllowServerAutoRestart": "Povolit automatick\u00fd restart serveru pro pou\u017eit\u00ed aktualizac\u00ed",
    "LabelAllowServerAutoRestartHelp": "Server se restartuje pouze b\u011bhem ne\u010dinnosti, kdy nejsou aktivn\u00ed \u017e\u00e1dn\u00ed u\u017eivatel\u00e9.",
    "LabelRunServerAtStartup": "Spustit server p\u0159i startu",
    "LabelRunServerAtStartupHelp": "T\u00edm dojde k spu\u0161t\u011bn\u00ed ikony Emby na hlavn\u00edm panelu p\u0159i spu\u0161t\u011bn\u00ed Windows. Pokud jste nastavili slu\u017ebu Windows, ponechte toto neza\u0161krtnut\u00e9 a nakonfigurujte slu\u017ebu tak, aby se spou\u0161t\u011bla \u200b\u200bp\u0159i spu\u0161t\u011bn\u00ed.",
    "ButtonSelectDirectory": "Vybrat adres\u00e1\u0159",
    "LabelCachePath": "Cesta k mezipam\u011bti:",
    "DefaultMetadataLangaugeDescription": "Toto jsou va\u0161e v\u00fdchoz\u00ed nastaven\u00ed, kter\u00e1 mohou b\u00fdt upravena pro jednotliv\u00e9 knihovny.",
    "LabelCachePathHelp": "Zadejte vlastn\u00ed um\u00edst\u011bn\u00ed pro soubory mezipam\u011bti serveru, jako jsou obr\u00e1zky. Ponechte pr\u00e1zdn\u00e9 pro pou\u017eit\u00ed v\u00fdchoz\u00edho nastaven\u00ed serveru.",
    "LabelRecordingPath": "V\u00fdchoz\u00ed cesta pro nahr\u00e1v\u00e1n\u00ed:",
    "LabelMovieRecordingPath": "Cesta pro nahr\u00e1v\u00e1n\u00ed film\u016f (voliteln\u00e9):",
    "LabelSeriesRecordingPath": "Cesta pro nahr\u00e1v\u00e1n\u00ed seri\u00e1l\u016f (voliteln\u00e9):",
    "LabelRecordingPathHelp": "Zadejte v\u00fdchoz\u00ed um\u00edst\u011bn\u00ed pro ukl\u00e1d\u00e1n\u00ed nahr\u00e1vek. Pokud je ponech\u00e1no pr\u00e1zdn\u00e9, bude pou\u017eita slo\u017eky dat programu serveru.",
    "LabelMetadataPath": "Cesta pro metadata:",
    "LabelMetadataPathHelp": "Zadejte vlastn\u00ed um\u00edst\u011bn\u00ed pro sta\u017een\u00e9 obr\u00e1zky a metadata.",
    "LabelTranscodingTempPath": "Do\u010dasn\u00e1 cesta pro p\u0159ek\u00f3dov\u00e1n\u00ed:",
    "LabelTranscodingTempPathHelp": "Tato slo\u017eka obsahuje pracovn\u00ed soubory pou\u017eit\u00ed p\u0159i p\u0159ek\u00f3dov\u00e1n\u00ed. Zadejte vlastn\u00ed cestu nebo ponechte pr\u00e1zdn\u00e9 pro pou\u017eit\u00ed v\u00fdchoz\u00ed datov\u00e9 slo\u017eky serveru.",
    "TabBasics": "Z\u00e1klady",
    "TabTV": "Seri\u00e1ly",
    "TabGames": "Hry",
    "TabMusic": "Hudba",
    "TabOthers": "Ostatn\u00ed",
    "OptionMovies": "Filmy",
    "OptionEpisodes": "Episody",
    "OptionOtherVideos": "Ostatn\u00ed videa",
    "GenerateVideoPreviewThumbnailsHelp": "Miniatury n\u00e1hled\u016f videa se plynule zobrazuj\u00ed p\u0159i rychloposunu v podporovan\u00fdch aplikac\u00edch. Vytv\u00e1\u0159en\u00ed miniatur si m\u016f\u017ee vy\u017e\u00e1dat del\u0161\u00ed \u010das z d\u016fvodu vysok\u00e9ho vy\u0159\u00edzen\u00ed CPU a zabere dal\u0161\u00ed m\u00edsto na disku.",
    "AsAScheduledTask": "jako napl\u00e1novan\u00e1 \u00faloha",
    "AsAScheduledTaskAndMediaAdded": "jako napl\u00e1novan\u00e1 \u00faloha a p\u0159i vlo\u017een\u00ed m\u00e9dia",
    "TabGuide": "Pr\u016fvodce",
    "TabChannels": "Kan\u00e1ly",
    "TabCollections": "Kolekce",
    "HeaderChannels": "Kan\u00e1ly",
    "TabRecordings": "Nahr\u00e1vky",
    "TabSeries": "Seri\u00e1ly",
    "TabFavorites": "Obl\u00edben\u00e9",
    "TabMyLibrary": "M\u00e1 knihovna",
    "TabSettings": "Nastaven\u00ed",
    "ButtonRefreshGuideData": "Obnovit data pr\u016fvodce",
    "ButtonRefresh": "Obnovit",
    "OptionPriority": "Priorita",
    "OptionRecordOnAllChannels": "Nahr\u00e1vat na v\u0161ech kan\u00e1lech",
    "OptionRecordAnytime": "Nahr\u00e1vat kdykoliv",
    "OptionRecordOnlyNewEpisodes": "Nahr\u00e1vat pouze nov\u00e9 epizody",
    "HeaderDays": "Dny",
    "ButtonEdit": "Upravit",
    "ButtonRecord": "Nahr\u00e1vat",
    "ButtonDelete": "Odstranit",
    "ButtonRemove": "Odebrat",
    "OptionRecordSeries": "Nahr\u00e1t seri\u00e1ly",
    "HeaderDetails": "Podrobnosti",
    "TitleLiveTV": "Live TV",
    "LabelNumberOfGuideDays": "Po\u010det dn\u016f pro sta\u017een\u00ed dat pr\u016fvodce:",
    "LabelNumberOfGuideDaysHelp": "Sta\u017een\u00ed dat pr\u016fvodce na v\u00edce dn\u00ed V\u00e1m sice umo\u017en\u00ed pl\u00e1novat do budoucna, ale sta\u017een\u00ed bude trvat del\u0161\u00ed dobu. Zvol\u00edte-li \"Auto\", bude v\u00fdb\u011br zvolen na z\u00e1klad\u011b po\u010dtu kan\u00e1l\u016f. Vezm\u011bte, pros\u00edm, na v\u011bdom\u00ed, \u017ee bez ohledu na to, kolik dn\u00ed vyberete, mus\u00ed data ve zdroji existovat, aby bylo mo\u017en\u00e9 je st\u00e1hnout. N\u011bkter\u00e9 zdroje dat jsou poskytov\u00e1ny jen na n\u00e1sleduj\u00edc\u00edch 24 hodin. Emby pr\u016fvodce dat podporuje a\u017e 14 dn\u00ed.",
    "OptionAutomatic": "Auto.",
    "HeaderServices": "Slu\u017eby",
    "LabelCustomizeOptionsPerMediaType": "P\u0159izp\u016fsobit pro typ m\u00e9dia:",
    "OptionDownloadThumbImage": "N\u00e1hled",
    "OptionDownloadMenuImage": "Nab\u00eddka",
    "OptionDownloadLogoImage": "Logo",
    "OptionDownloadBoxImage": "Krabice",
    "OptionDownloadDiscImage": "Disk",
    "OptionDownloadBannerImage": "Banner",
    "OptionDownloadBackImage": "Zadek",
    "OptionDownloadArtImage": "Obr\u00e1zek",
    "OptionDownloadPrimaryImage": "Z\u00e1kladn\u00ed",
    "HeaderFetchImages": "Na\u010d\u00edst obr\u00e1zky:",
    "TabOther": "Ostatn\u00ed",
    "LabelMaxBackdropsPerItem": "Maxim\u00e1ln\u00ed po\u010det obr\u00e1zk\u016f pro pozad\u00ed na polo\u017eku:",
    "LabelMaxScreenshotsPerItem": "Maxim\u00e1ln\u00ed po\u010det sn\u00edmk\u016f obrazovky:",
    "LabelMinBackdropDownloadWidth": "Maxim\u00e1ln\u00ed \u0161\u00ed\u0159ka pro sta\u017een\u00ed pozad\u00ed:",
    "LabelMinScreenshotDownloadWidth": "Minim\u00e1ln\u00ed \u0161\u00ed\u0159ka pro sta\u017een\u00ed sn\u00edmku obrazovky:",
    "ButtonAddScheduledTaskTrigger": "P\u0159idat spou\u0161t\u011b\u010d",
    "HeaderAddScheduledTaskTrigger": "P\u0159idat spou\u0161t\u011b\u010d",
    "ButtonAdd": "P\u0159idat",
    "LabelTriggerType": "Typ spou\u0161t\u011b\u010de:",
    "OptionDaily": "Denn\u00ed",
    "OptionWeekly": "T\u00fddenn\u00ed",
    "OptionOnInterval": "V intervalu",
    "OptionOnAppStartup": "P\u0159i spu\u0161t\u011bn\u00ed aplikace",
    "OptionAfterSystemEvent": "Po syst\u00e9mov\u00e9 ud\u00e1losti",
    "LabelDay": "Den:",
    "LabelTime": "\u010cas:",
    "LabelEvent": "Ud\u00e1lost:",
    "OptionWakeFromSleep": "Probuzen\u00ed ze sp\u00e1nku",
    "LabelEveryXMinutes": "Ka\u017ed\u00fd:",
    "HeaderTvTuners": "Tunery",
    "TabFolders": "Slo\u017eky",
    "LabelSpecialSeasonsDisplayName": "Zobrazovan\u00fd n\u00e1zev speci\u00e1ln\u00ed sez\u00f3ny:",
    "LabelEnableRealtimeMonitor": "Povolit sledov\u00e1n\u00ed v re\u00e1ln\u00e9m \u010dase",
    "LabelEnableRealtimeMonitorHelp": "Zm\u011bny soubor\u016f budou v podporovan\u00fdch souborov\u00fdch syst\u00e9mech zpracov\u00e1ny okam\u017eit\u011b.",
    "HeaderMediaFolders": "Slo\u017eky m\u00e9di\u00ed",
    "HeaderThemeVideos": "T\u00e9matick\u00e1 videa",
    "HeaderThemeSongs": "T\u00e9matick\u00e9 skladby",
    "HeaderSpecialFeatures": "Speci\u00e1ln\u00ed funkce",
    "ButtonSplitVersionsApart": "Rozd\u011blit verze",
    "ButtonPlayTrailer": "Upout\u00e1vka",
    "LabelMissing": "Chyb\u00ed",
    "OptionSpecialEpisode": "Speci\u00e1ly",
    "OptionMissingEpisode": "Chyb\u011bj\u00edc\u00ed episody",
    "OptionUnairedEpisode": "Neodvys\u00edlan\u00e9 epizody",
    "OptionEpisodeSortName": "\u0158azen\u00ed n\u00e1zvu epizod",
    "OptionTvdbRating": "Hodnocen\u00ed Tvdb",
    "HeaderAddTitles": "P\u0159idat n\u00e1zvy",
    "TabHome": "Dom\u016f",
    "HeaderLinks": "Odkazy",
    "Community": "Komunita",
    "HeaderEmbyNews": "Novinky v Emby",
    "LabelFriendlyServerName": "Popisn\u00fd n\u00e1zev serveru:",
    "LabelFriendlyServerNameHelp": "Tento n\u00e1zev bude pou\u017eit  jako identifikace tohoto serveru. Pokud je ponech\u00e1n pr\u00e1zdn\u00fd, bude pou\u017eit n\u00e1zev po\u010d\u00edta\u010de.",
    "LabelPreferredDisplayLanguage": "Up\u0159ednost\u0148ovan\u00fd jazyk zobrazen\u00ed:",
    "LabelPreferredDisplayLanguageHelp": "P\u0159eklad Emby je prob\u00edhaj\u00edc\u00ed projekt.",
    "LabelReadHowYouCanContribute": "Zjist\u011bte, jak m\u016f\u017eete p\u0159isp\u011bt.",
    "ButtonSubmit": "Potvrdit",
    "ButtonCreate": "Vytvo\u0159it",
    "LabelCustomCss": "Vlastn\u00ed css:",
    "LabelCustomCssHelp": "Aplikovat va\u0161e vlastn\u00ed \u00fapravy css do webov\u00e9ho rozhran\u00ed.",
    "LabelLocalHttpServerPortNumber": "\u010c\u00edslo m\u00edstn\u00edho portu http:",
    "LabelLocalHttpServerPortNumberHelp": "\u010c\u00edslo portu tcp, se kter\u00fdm by m\u011bl b\u00fdt sv\u00e1z\u00e1n http server Emby.",
    "LabelPublicHttpPort": "\u010c\u00edslo ve\u0159ejn\u00e9ho portu http:",
    "LabelPublicHttpPortHelp": "\u010c\u00edslo ve\u0159ejn\u00e9ho portu, kter\u00fd by m\u011bl b\u00fdt namapov\u00e1n na m\u00edstn\u00ed port http.",
    "LabelPublicHttpsPort": "\u010c\u00edslo ve\u0159ejn\u00e9ho portu https:",
    "LabelPublicHttpsPortHelp": "\u010c\u00edslo ve\u0159ejn\u00e9ho portu, kter\u00fd by m\u011bl b\u00fdt namapov\u00e1n na m\u00edstn\u00ed port https.",
    "RequireHttps": "Vy\u017eadovat https pro extern\u00ed p\u0159ipojen\u00ed",
    "RequireHttpsHelp": "Pokud je zapnuto, p\u0159ipojen\u00ed p\u0159es http budou p\u0159esm\u011brov\u00e1na na https.",
    "LabelHttpsPort": "\u010c\u00edslo m\u00edstn\u00edho portu https:",
    "LabelHttpsPortHelp": "\u010c\u00edslo portu tcp, se kter\u00fdm by m\u011bl b\u00fdt sv\u00e1z\u00e1n https server Emby.",
    "LabelEnableAutomaticPortMap": "Povolit automatick\u00e9 mapov\u00e1n\u00ed port\u016f",
    "LabelEnableAutomaticPortMapHelp": "Pokusit se automaticky namapovat ve\u0159ejn\u00fd port na m\u00edstn\u00ed port prost\u0159ednictv\u00edm UPnP. Nemus\u00ed fungovat s n\u011bkter\u00fdmi modely routeru.",
    "LabelExternalDDNS": "Extern\u00ed dom\u00e9na:",
    "LabelExternalDDNSHelp": "Pokud m\u00e1te dynamick\u00e9 DNS nebo dom\u00e9nov\u00fd n\u00e1zev, zadejte ho zde, bez protokolu nebo portu. Aplikace Emby ho pou\u017eij\u00ed p\u0159i vzd\u00e1len\u00e9m p\u0159ipojen\u00ed. Toto pole je vy\u017eadov\u00e1no p\u0159i pou\u017eit\u00ed vlastn\u00edho certifik\u00e1tu ssl. P\u0159\u00edklad: mojedomena.cz.",
    "LabelMinResumePercentage": "Minimum procent pro pokra\u010dov\u00e1n\u00ed:",
    "LabelMaxResumePercentage": "Maximum procent pro pokra\u010dov\u00e1n\u00ed:",
    "LabelMinResumeDuration": "Minim\u00e1ln\u00ed trv\u00e1n\u00ed pokra\u010dov\u00e1n\u00ed (sekundy):",
    "LabelMinResumePercentageHelp": "Tituly jsou pova\u017eov\u00e1ny za nep\u0159ehran\u00e9, pokud jsou zastaveny p\u0159ed t\u00edmto \u010dasem",
    "LabelMaxResumePercentageHelp": "Tituly jsou pova\u017eov\u00e1ny za pln\u011b p\u0159ehran\u00e9, pokud budou zastaveny po tomto \u010dase",
    "LabelMinResumeDurationHelp": "Tituly krat\u0161\u00ed ne\u017e tento \u010das nebudou obnoviteln\u00e9.",
    "HeaderName": "N\u00e1zev",
    "HeaderDate": "Datum",
    "HeaderSource": "Zdroj",
    "HeaderStatus": "Stav",
    "HeaderDestination": "Um\u00edst\u011bn\u00ed",
    "Subscriptions": "P\u0159edplatn\u00e9",
    "HeaderProgram": "Program",
    "HeaderClients": "Klienti",
    "LabelCompleted": "Dokon\u010deno",
    "LabelFailed": "Selh\u00e1n\u00ed",
    "LabelSkipped": "P\u0159esko\u010deno",
    "LabelSeries": "Seri\u00e1ly:",
    "LabelEndingEpisodeNumber": "\u010c\u00edslo posledn\u00ed epizody:",
    "LabelEndingEpisodeNumberHelp": "Vy\u017eadovan\u00e9 pouze pro soubory s v\u00edce epizodami",
    "HeaderSupportTheTeam": "Podpo\u0159te t\u00fdm Emby",
    "HeaderSupportTheTeamHelp": "Pomozte zajistit pokra\u010dov\u00e1n\u00ed v\u00fdvoje tohoto projektu zakoupen\u00edm Emby Premiere. \u010c\u00e1st ve\u0161ker\u00fdch p\u0159\u00edjm\u016f p\u0159isp\u011bje na dal\u0161\u00ed bezplatn\u00e9 n\u00e1stroje, na kter\u00fdch jsme z\u00e1visl\u00ed.",
    "DonationNextStep": "Po dokon\u010den\u00ed se vra\u0165te a zadejte kl\u00ed\u010d Emby Premiere, kter\u00fd obdr\u017e\u00edte e-mailem.",
    "LabelSeasonFolderPattern": "Vzor slo\u017eky pro sez\u00f3ny:",
    "LabelSeasonZeroFolderName": "N\u00e1zev slo\u017eky pro sez\u00f3nu nula:",
    "HeaderResult": "V\u00fdsledek",
    "LabelTransferMethod": "Metoda p\u0159enosu",
    "HeaderLatestNews": "Posledn\u00ed novinky",
    "HeaderRunningTasks": "Spu\u0161t\u011bn\u00e9 \u00falohy",
    "HeaderActiveDevices": "Aktivn\u00ed za\u0159\u00edzen\u00ed",
    "HeaderPendingInstallations": "\u010cekaj\u00edc\u00ed instalace",
    "ButtonRestartNow": "Restartovat nyn\u00ed",
    "ButtonShutdown": "Vypnout server Emby",
    "ButtonUpdateNow": "Aktualizovat nyn\u00ed",
    "TabHosting": "Hostov\u00e1n\u00ed",
    "PleaseUpdateManually": "Ukon\u010dete server Emby a nainstalujte nejnov\u011bj\u0161\u00ed verzi.",
    "NewServerVersionAvailable": "Je dostupn\u00e1 nov\u00e1 verze serveru Emby!",
    "ServerUpToDate": "Server Emby je aktu\u00e1ln\u00ed",
    "LabelComponentsUpdated": "N\u00e1sleduj\u00edc\u00ed komponenty byly nainstalov\u00e1ny nebo aktualizov\u00e1ny:",
    "MessagePleaseRestartServerToFinishUpdating": "Restartujte server pro dokon\u010den\u00ed aplikace aktualizac\u00ed.",
    "LabelDownMixAudioScale": "Zes\u00edlen\u00ed audia p\u0159i downmixu:",
    "LabelDownMixAudioScaleHelp": "Zes\u00edlit audio p\u0159i dowwmixu. Nastavte na 1 pro zachov\u00e1n\u00ed p\u016fvodn\u00ed hodnoty hlasitosti.",
    "LabelCurrentEmailAddress": "Aktu\u00e1ln\u00ed e-mailov\u00e1 adresa",
    "LabelCurrentEmailAddressHelp": "Aktu\u00e1ln\u00ed e-mailov\u00e1 adresa, na kterou byl odesl\u00e1n v\u00e1\u0161 nov\u00fd kl\u00ed\u010d.",
    "HeaderForgotKey": "Zapom\u011bl jsem kl\u00ed\u010d",
    "LabelSupporterEmailAddress": "E-mailov\u00e1 adresa, kter\u00e1 byla pou\u017eita p\u0159i zakoupen\u00ed kl\u00ed\u010de.",
    "ButtonRetrieveKey": "Z\u00edskat kl\u00ed\u010d",
    "LabelSupporterKey": "Kl\u00ed\u010d Emby Premiere (vlo\u017ete z e-mailu):",
    "LabelSupporterKeyHelp": "Zadejte kl\u00ed\u010d Emby Premiere, abyste mohli za\u010d\u00edt vyu\u017e\u00edvat dal\u0161\u00ed v\u00fdhody.",
    "MessageInvalidKey": "Kl\u00ed\u010d Emby Premiere kl\u00ed\u010d chyb\u00ed nebo je neplatn\u00fd.",
    "ErrorMessageInvalidKey": "Aby byl jak\u00fdkoliv pr\u00e9miov\u00fd obsah registrov\u00e1n, mus\u00edte m\u00edt tak\u00e9 aktivn\u00ed p\u0159edplatn\u00e9 Emby Premiere.",
    "HeaderRequireManualLogin": "Vy\u017eadovat ru\u010dn\u00ed zad\u00e1n\u00ed u\u017eivatelsk\u00e9ho jm\u00e9na pro:",
    "HeaderRequireManualLoginHelp": "Pokud je zak\u00e1z\u00e1no, aplikace Emby mohou zobrazovat p\u0159ihla\u0161ovac\u00ed obrazovku s vizu\u00e1ln\u00edm v\u00fdb\u011brem u\u017eivatel\u016f.",
    "OptionOtherApps": "Dal\u0161\u00ed aplikace",
    "OptionMobileApps": "Mobiln\u00ed aplikace",
    "LabelNotificationEnabled": "Povolit toto ozn\u00e1men\u00ed",
    "LabelMonitorUsers": "Sledov\u00e1n\u00ed aktivity z:",
    "LabelSendNotificationToUsers": "Odeslat ozn\u00e1men\u00ed pro:",
    "LabelUseNotificationServices": "Pou\u017e\u00edt n\u00e1sleduj\u00edc\u00ed slu\u017eby:",
    "CategoryUser": "U\u017eivatel:",
    "CategorySystem": "Syst\u00e9m",
    "CategoryApplication": "Aplikace",
    "CategoryPlugin": "Z\u00e1suvn\u00fd modul",
    "LabelAvailableTokens": "Dostupn\u00e9 tokeny:",
    "AdditionalNotificationServices": "Pro instalaci dal\u0161\u00ed oznamovac\u00ed slu\u017eby si prohl\u00e9dn\u011bte katalog{1} {0}z\u00e1suvn\u00fdch modul\u016f.",
    "OptionAllUsers": "V\u0161ichni u\u017eivatel\u00e9",
    "OptionAdminUsers": "Administr\u00e1to\u0159i",
    "OptionCustomUsers": "Vlastn\u00ed",
    "ButtonArrowUp": "Nahoru",
    "ButtonArrowDown": "Dol\u016f",
    "ButtonArrowLeft": "Vlevo",
    "ButtonArrowRight": "Vpravo",
    "ButtonBack": "Zp\u011bt",
    "ButtonInfo": "Info",
    "ButtonHome": "Dom\u016f",
    "ButtonSearch": "Hled\u00e1n\u00ed",
    "ButtonSettings": "Nastaven\u00ed",
    "Audio": "Zvuk",
    "PlayOnAnotherDevice": "P\u0159ehr\u00e1t na jin\u00e9m za\u0159\u00edzen\u00ed",
    "TabControls": "Ovl\u00e1d\u00e1n\u00ed",
    "ButtonSubtitles": "Titulky",
    "ButtonPreviousTrack": "P\u0159edchoz\u00ed stopa",
    "ButtonNextTrack": "N\u00e1sleduj\u00edc\u00ed stopa",
    "ButtonStop": "Zastavit",
    "ButtonPause": "Pozastavit",
    "ButtonNext": "Dal\u0161\u00ed",
    "ButtonPrevious": "P\u0159edchoz\u00ed",
    "LabelMaxBitrate": "Maxim\u00e1ln\u00ed datov\u00fd tok:",
    "LabelMaxBitrateHelp": "Zadejte maxim\u00e1ln\u00ed datov\u00fd tok dle \u0161\u00ed\u0159ky omezen\u00ed p\u00e1sma dan\u00e9ho prost\u0159ed\u00edme, nebo dle limit\u016f va\u0161ich za\u0159\u00edzen\u00ed.",
    "LabelMusicStaticBitrate": "Datov\u00fd tok pro synchronizacy hudby:",
    "LabelMusicStaticBitrateHelp": "Zadejte maxim\u00e1ln\u00ed datov\u00fd tok pro synchronizaci hudby",
    "LabelDeviceDescription": "Popis za\u0159\u00edzen\u00ed",
    "HeaderDownloadSubtitlesFor": "St\u00e1hnout titulky pro:",
    "LabelSkipIfGraphicalSubsPresent": "P\u0159esko\u010dit, jestli\u017ee video obsahuje vlo\u017een\u00e9 titulky",
    "LabelSkipIfGraphicalSubsPresentHelp": "Udr\u017een\u00edm textov\u00fdch verz\u00ed titulk\u016f bude m\u00edt za n\u00e1sledek efektivn\u011bj\u0161\u00ed dod\u00e1vku a sn\u00ed\u017e\u00ed t\u00edm pravd\u011bpodobnost p\u0159ek\u00f3dov\u00e1n\u00ed videa.",
    "TabSubtitles": "Titulky",
    "HeaderDownloadLanguages": "St\u00e1hnout jazyky",
    "LabelSkipIfAudioTrackPresent": "P\u0159esko\u010dit, pokud v\u00fdchoz\u00ed zvukov\u00e1 stopa odpov\u00edd\u00e1 jazyku stahov\u00e1n\u00ed",
    "LabelSkipIfAudioTrackPresentHelp": "Zru\u0161te za\u0161krtnut\u00ed pro zobrazen\u00ed titulk\u016f u v\u0161ech vide\u00ed, bez ohledu na jazyk zvuku.",
    "SendMessage": "Poslat zpr\u00e1vu",
    "HeaderSendMessage": "Poslat zpr\u00e1vu",
    "ButtonSend": "Odeslat",
    "ViewPlaybackInfo": "Zobrazit info p\u0159i p\u0159ehr\u00e1v\u00e1n\u00ed",
    "LabelMessageText": "Text zpr\u00e1vy:",
    "LabelMessageTitle": "Nadpis zpr\u00e1vy:",
    "MessageNoAvailablePlugins": "Nejsou dostupn\u00e9 \u017e\u00e1dn\u00e9 z\u00e1suvn\u00e9 moduly.",
    "LabelDisplayPluginsFor": "Zobrazit z\u00e1suvn\u00e9 moduly pro:",
    "PluginTabAppClassic": "Emby pro Windows Media Center",
    "HeaderTypeText": "Vlo\u017ete text",
    "LabelTypeText": "Text",
    "TabDisplay": "Zobrazen\u00ed",
    "TabLanguages": "Jazyky",
    "OptionAuto": "Automaticky",
    "OptionYes": "Ano",
    "OptionNo": "Ne",
    "OptionResumablemedia": "Pokra\u010dovat",
    "OptionLatestMedia": "Nejnov\u011bj\u0161\u00ed m\u00e9dia",
    "OptionNone": "\u017d\u00e1dn\u00fd",
    "HeaderLiveTv": "\u017div\u00e1 TV",
    "HeaderSettings": "Nastaven\u00ed",
    "OptionDefaultSort": "V\u00fdchoz\u00ed",
    "ButtonEditOtherUserPreferences": "Editace u\u017eivatelsk\u00e9ho profilu, avataru a osobn\u00edch preferenc\u00ed.",
    "ViewTypeMovies": "Filmy",
    "ViewTypeTvShows": "TV",
    "ViewTypeGames": "Hry",
    "ViewTypeMusic": "Hudba",
    "ViewTypeMusicSongs": "Songy",
    "ViewTypeMusicFavorites": "Obl\u00edben\u00e9",
    "ViewTypeMusicFavoriteAlbums": "Obl\u00edben\u00e1 alba",
    "ViewTypeMusicFavoriteArtists": "Obl\u00edben\u00ed um\u011blci",
    "ViewTypeMusicFavoriteSongs": "Obl\u00edben\u00e9 songy",
    "OptionLibraryFolders": "Slo\u017eky m\u00e9di\u00ed",
    "TitleRemoteControl": "D\u00e1lkov\u00fd ovlada\u010d",
    "TabBranding": "Ozna\u010den\u00ed",
    "HeaderBrandingHelp": "P\u0159izp\u016fsobit vzhled Emby, aby odpov\u00eddal pot\u0159eb\u00e1m va\u0161\u00ed skupiny nebo organizace.",
    "LabelLoginDisclaimer": "Z\u0159eknut\u00ed se n\u00e1sleduj\u00edc\u00edch pr\u00e1v p\u0159i p\u0159ihl\u00e1\u0161en\u00ed:",
    "LabelLoginDisclaimerHelp": "Toto se zobraz\u00ed ve spodn\u00ed \u010d\u00e1sti p\u0159ihla\u0161ovac\u00ed str\u00e1nky.",
    "TabDashboard": "Hlavn\u00ed nab\u00eddka",
    "TitleServer": "Server",
    "LabelCache": "Cache:",
    "LabelLogs": "Z\u00e1znamy:",
    "LabelMetadata": "Metadata:",
    "HeaderTranscodingTemporaryFiles": "Do\u010dasn\u00e9 soubory p\u0159ek\u00f3dov\u00e1n\u00ed",
    "HeaderBranding": "Zna\u010dkov\u00e1n\u00ed",
    "HeaderApiKeys": "Kl\u00ed\u010de Api",
    "HeaderApiKeysHelp": "Extern\u00ed aplikace mus\u00ed m\u00edt API kl\u00ed\u010d, aby mohla komunikovat s Emby Server. Kl\u00ed\u010de jsou vyd\u00e1v\u00e1ny p\u0159ihl\u00e1\u0161en\u00edm pomoc\u00ed \u00fa\u010dtu Emby, nebo manu\u00e1ln\u00ed \u017e\u00e1dost\u00ed o kl\u00ed\u010d.",
    "HeaderApiKey": "Kl\u00ed\u010d Api",
    "HeaderApp": "Aplikace",
    "HeaderDevice": "Za\u0159\u00edzen\u00ed",
    "HeaderUser": "U\u017eivatel",
    "HeaderDateIssued": "Datum vyd\u00e1n\u00ed",
    "TabView": "Pohled",
    "TabFilter": "Filtr",
    "ButtonView": "Zobrazit",
    "LabelView": "Pohled:",
    "TabUsers": "U\u017eivatel\u00e9",
    "HeaderFeatures": "Funkce",
    "HeaderAdvanced": "Pokro\u010dil\u00e9",
    "HeaderScheduledTasks": "Napl\u00e1novan\u00e9 \u00falohy",
    "HeaderResumeSettings": "Obnovit nastaven\u00ed",
    "TitleUsers": "U\u017eivatel\u00e9",
    "ButtonClose": "Zav\u0159\u00edt",
    "LabelAllLanguages": "V\u0161echny jazyky",
    "OptionAll": "V\u0161e",
    "LabelImage": "Obr\u00e1zek:",
    "HeaderImages": "Obr\u00e1zky",
    "HeaderBackdrops": "Pozad\u00ed",
    "LabelJpgPngOnly": "Pouze JPG\/PNG",
    "OptionSeason0": "S\u00e9rie 0",
    "HeaderFetcherSettings": "Nastaven\u00ed stahova\u010de metadat",
    "HeaderActivity": "Aktivity",
    "PluginInstalledWithName": "{0} byl nainstalov\u00e1n",
    "PluginUpdatedWithName": "{0} byl aktualizov\u00e1n",
    "PluginUninstalledWithName": "{0} byl odinstalov\u00e1n",
    "LabelIpAddressValue": "IP adresa: {0}",
    "HeaderEmbyServer": "Emby server",
    "MessageServerConfigurationUpdated": "Konfigurace serveru byla aktualizov\u00e1na",
    "MessageNamedServerConfigurationUpdatedWithValue": "Konfigurace sekce {0} na serveru byla aktualizov\u00e1na",
    "MessageApplicationUpdated": "Emby Server byl aktualizov\u00e1n",
    "ProviderValue": "Poskytl: {0}",
    "HeaderRecentActivity": "Ned\u00e1vn\u00e1 aktivita",
    "HeaderPeople": "Lid\u00e9",
    "OptionComposers": "Skladatel\u00e9",
    "OptionOthers": "Dal\u0161\u00ed",
    "ViewTypeFolders": "Slo\u017eky",
    "OptionDisplayFolderView": "Zobrazit slo\u017eku s origin\u00e1ln\u00edm zobrazen\u00edm slo\u017eek m\u00e9di\u00ed",
    "OptionDisplayFolderViewHelp": "Pokud je povoleno, Emby aplikace zobraz\u00ed skupinu slo\u017eek vedle knihovny m\u00e9di\u00ed. To je u\u017eite\u010dn\u00e9, pokud chcete m\u00edt pohled na origin\u00e1ln\u00ed slo\u017eky medi\u00ed.",
    "ViewTypeLiveTvRecordingGroups": "Nahr\u00e1vky",
    "ViewTypeLiveTvChannels": "Kan\u00e1ly",
    "HeaderPassword": "Heslo",
    "HeaderViewOrder": "Po\u0159ad\u00ed zobrazen\u00ed",
    "HeaderPersonInfo": "Info o osob\u011b",
    "HeaderConfirmDeletion": "Potvrdit smaz\u00e1n\u00ed",
    "LabelAlbumArtist": "Album um\u011blce:",
    "LabelAirDate": "Dny vys\u00edl\u00e1n\u00ed",
    "LabelAirTime:": "\u010cas vys\u00edl\u00e1n\u00ed:",
    "LabelDisplaySpecialsWithinSeasons": "Zobraz speci\u00e1ln\u00ed epizody dle odvys\u00edl\u00e1n\u00fdch sez\u00f3n",
    "ButtonPurchase": "Zakoupeno",
    "HeaderPhotoInfo": "Informace o fotce",
    "HeaderInstall": "Instalovat",
    "LabelSelectVersionToInstall": "Vyber verzi k instalaci:",
    "LinkLearnMoreAboutSubscription": "Zjist\u011bte v\u00edce o Emby Premiere",
    "MessagePluginRequiresSubscription": "Tento z\u00e1suvn\u00fd modul bude po 14 denn\u00ed zku\u0161ebn\u00ed verze zdarma vy\u017eadovat aktivn\u00ed p\u0159edplatn\u00e9 Emby Premiere.",
    "MessagePremiumPluginRequiresMembership": "Tento z\u00e1suvn\u00fd modul bude vy\u017eadovat aktivn\u00ed p\u0159edplatn\u00e9 Emby Premiere po 14 denn\u00ed zku\u0161ebn\u00ed verzi zdarma.",
    "HeaderDeveloperInfo": "Informace pro v\u00fdvoj\u00e1\u0159e",
    "HeaderRevisionHistory": "Historie verz\u00ed",
    "ButtonViewWebsite": "P\u0159ej\u00edt na webov\u00e9 str\u00e1nky",
    "OptionSaveMetadataAsHidden": "Ukl\u00e1dat metadata a obr\u00e1zky jako skryt\u00e9 soubory",
    "LabelConnectGuestUserName": "Emby u\u017eivatelsk\u00e9 jm\u00e9no nebo emailov\u00e1 adresa:",
    "LabelConnectUserName": "(Voliteln\u00e9) U\u017eivatelsk\u00e9 jm\u00e9no Emby Connect nebo e-mailov\u00e1 adresa:",
    "LabelConnectUserNameHelp": "P\u0159ipojte tohoto m\u00edstn\u00edho u\u017eivatele k ji\u017e existuj\u00edc\u00edmu \u00fa\u010dtu Emby Connect a umo\u017en\u011bte tak snadn\u00fd p\u0159\u00edstup k p\u0159ihl\u00e1\u0161en\u00ed z jak\u00e9koli aplikace Emby bez znalosti IP adresy serveru.",
    "ButtonLearnMoreAboutEmbyConnect": "Zjist\u011bte v\u00edce o Emby Connect",
    "LabelDateAddedBehavior": "Nov\u00fd obsah \u0159adit dle data:",
    "OptionDateAddedImportTime": "Dle data p\u0159id\u00e1n\u00ed do knihovny",
    "OptionDateAddedFileTime": "Dle data vytvo\u0159en\u00ed souboru",
    "LabelDateAddedBehaviorHelp": "Pokud je hodnota metadat p\u0159\u00edtomna, bude v\u017edy pou\u017eita p\u0159ed n\u011bkterou z t\u011bchto mo\u017enost\u00ed.",
    "TitleDevices": "Za\u0159\u00edzen\u00ed",
    "TabCameraUpload": "Nahr\u00e1t z fotoapar\u00e1tu",
    "TabDevices": "Za\u0159\u00edzen\u00ed",
    "HeaderLibrarySettings": "Nastaven\u00ed knihovny",
    "HeaderThumbnailImages": "Obr\u00e1zky n\u00e1hled\u016f",
    "HeaderSubtitleDownloads": "Stahov\u00e1n\u00ed titulk\u016f",
    "HeaderCameraUploadHelp": "Aplikace Emby m\u016f\u017ee automaticky nahr\u00e1t fotografie po\u0159\u00edzen\u00e9 na va\u0161em mobiln\u00edm telefonu na Emby server.",
    "LabelCameraUploadPath": "Slo\u017eka pro upload z fotoapar\u00e1tu:",
    "LabelCameraUploadPathHelp": "Vyberte vlastn\u00ed cestu k nahr\u00e1v\u00e1n\u00ed. T\u00edm se p\u0159ep\u00ed\u0161ou v\u0161echna v\u00fdchoz\u00ed nastaven\u00ed nastaven\u00e1 v \u010d\u00e1sti nahr\u00e1v\u00e1n\u00ed fotografi\u00ed. Pokud z\u016fstane pr\u00e1zdn\u00e1, pou\u017eije se v\u00fdchoz\u00ed slo\u017eka. Pokud pou\u017e\u00edv\u00e1te vlastn\u00ed um\u00edst\u011bn\u00ed, bude t\u0159eba jej tak\u00e9 p\u0159idat jako knihovnu v nastaven\u00ed knihovny Emby.",
    "DefaultCameraUploadPathHelp": "Vyberte vlastn\u00ed cestu k nahr\u00e1v\u00e1n\u00ed. Pokud z\u016fstane pr\u00e1zdn\u00e1, pou\u017eije se v\u00fdchoz\u00ed slo\u017eka. Pokud pou\u017e\u00edv\u00e1te vlastn\u00ed um\u00edst\u011bn\u00ed, bude t\u0159eba jej tak\u00e9 p\u0159idat jako knihovnu v nastaven\u00ed knihovny Emby.",
    "LabelCreateCameraUploadSubfolder": "Vytvo\u0159te podslo\u017eku pro ka\u017ed\u00e9 za\u0159\u00edzen\u00ed",
    "LabelCreateCameraUploadSubfolderHelp": "Konkr\u00e9tn\u00ed slo\u017eky mohou b\u00fdt p\u0159i\u0159azeny k za\u0159\u00edzen\u00ed, klikn\u011bte na ni ze str\u00e1nky \"Za\u0159\u00edzen\u00ed\".",
    "LabelCustomDeviceDisplayName": "Jm\u00e9no pro zobrazen\u00ed:",
    "LabelCustomDeviceDisplayNameHelp": "Nahradit vlastn\u00edm n\u00e1zvem zobrazen\u00ed nebo ponechte pr\u00e1zdn\u00e9, aby n\u00e1zev byl ur\u010den za\u0159\u00edzen\u00edm.",
    "HeaderInviteUser": "Pozvat u\u017eivatele",
    "LabelConnectGuestUserNameHelp": "Toto je u\u017eivatelsk\u00e9 jm\u00e9no, kter\u00e9 v\u00e1\u0161 p\u0159\u00edtel pou\u017e\u00edv\u00e1 k p\u0159ihl\u00e1\u0161en\u00ed na webov\u00e9 str\u00e1nky Emby, nebo jeho e-mailov\u00e1 adresa.",
    "HeaderInviteUserHelp": "Sd\u00edlen\u00ed m\u00e9di\u00ed s p\u0159\u00e1teli pomoc\u00ed Emby Connect je jednodu\u0161\u0161\u00ed, ne\u017e kdy p\u0159edt\u00edm.",
    "ButtonSendInvitation": "Odeslat pozv\u00e1n\u00ed",
    "HeaderGuests": "Host\u00e9",
    "HeaderPendingInvitations": "\u010cekaj\u00edc\u00ed pozv\u00e1nky",
    "TabParentalControl": "Rodi\u010dovsk\u00e1 kontrola",
    "HeaderAccessSchedule": "P\u0159\u00edstup k napl\u00e1novan\u00e9 \u00faloze",
    "HeaderAccessScheduleHelp": "Vytvo\u0159te pl\u00e1n p\u0159\u00edstupu pro limitov\u00e1n\u00ed p\u0159\u00edstupu jen ur\u010dit\u00e9m \u010dase.",
    "LabelAccessDay": "Den t\u00fddne:",
    "LabelAccessStart": "Za\u010d\u00e1tek:",
    "LabelAccessEnd": "Konec:",
    "HeaderSchedule": "Napl\u00e1nov\u00e1n\u00ed \u00falohy",
    "OptionEveryday": "Ka\u017ed\u00fd den",
    "OptionWeekdays": "Pracovn\u00ed dny",
    "OptionWeekends": "V\u00edkendy",
    "HeaderOptionalLinkEmbyAccount": "Voliteln\u00e9: Propojte sv\u016fj Emby \u00fa\u010det",
    "ButtonTrailer": "Uk\u00e1zka\/trailer",
    "MessageNoTrailersFound": "Nebyly nalezeny \u017e\u00e1dn\u00e9 uk\u00e1zky z film\u016f (trailery). Nainstalujte trailer kan\u00e1l pro lep\u0161\u00ed z\u00e1\u017eitek z filmu p\u0159id\u00e1n\u00edm knihovny internetov\u00fdch trailer\u016f.",
    "HeaderNewUsers": "Nov\u00ed u\u017eivatel\u00e9",
    "TitleNewUser": "Nov\u00fd u\u017eivatel",
    "ButtonConfigurePassword": "Nastavit heslo",
    "HeaderDashboardUserPassword": "U\u017eivatelsk\u00e1 hesla jsou spravov\u00e1ny v r\u00e1mci osobn\u00edho nastaven\u00ed profilu ka\u017ed\u00e9ho u\u017eivatele.",
    "HeaderLibraryAccess": "P\u0159\u00edstup ke knihovn\u011b",
    "HeaderChannelAccess": "P\u0159\u00edstup ke kan\u00e1lu",
    "HeaderLatestItems": "Nejnov\u011bj\u0161\u00ed polo\u017eky",
    "LabelForgotPasswordUsernameHelp": "Zadej sv\u00e9 u\u017eivatelsk\u00e9 jm\u00e9no, jestli\u017ee se m\u00e1 pamatovat.",
    "TitlePasswordReset": "Obnova hesla",
    "HeaderParentalRatings": "Rodi\u010dovsk\u00e1 hodnocen\u00ed",
    "HeaderVideoTypes": "Typ videa",
    "HeaderYears": "Roky",
    "HeaderBlockItemsWithNoRating": "Blokov\u00e1n\u00ed polo\u017eek s \u017e\u00e1dn\u00fdm nebo nerozpoznan\u00fdm hodnocen\u00edm:",
    "LabelBlockContentWithTags": "Omezovat polo\u017eky s tagy",
    "LabelTagRestrictionMode": "Nastaven\u00ed omezen\u00ed pomoc\u00ed tag\u016f:",
    "BlockItemsWithTheseTags": "Blokovat polo\u017eky s t\u00edmto tagem",
    "AllowItemsWithTheseTags": "Povolit polo\u017eky pouze s t\u00edmto tagem",
    "TabActivity": "Aktivity",
    "OptionAllowSyncContent": "Povolit Synchronizaci",
    "OptionAllowContentDownloading": "Povolit stahov\u00e1n\u00ed m\u00e9di\u00ed",
    "LabelNewUserNameHelp": "U\u017eivatelsk\u00e1 jm\u00e9na mohou obsahovat p\u00edsmena (az), \u010d\u00edslice (0-9), poml\u010dky (-), podtr\u017e\u00edtka (_), apostrofy (') a te\u010dky (.)",
    "HeaderThisUserIsCurrentlyDisabled": "Tento u\u017eivatel je aktu\u00e1ln\u011b zablokov\u00e1n. Pro jeho povolen\u00ed se pros\u00edm pod\u00edvejte na volby na konci str\u00e1nky.",
    "OptionEnableTranscodingThrottle": "Povolit p\u0159i\u0161krcen\u00ed",
    "OptionEnableTranscodingThrottleHelp": "P\u0159i\u0161krcen\u00ed bude automaticky nastavovat rychlost p\u0159ek\u00f3dov\u00e1n\u00ed, aby se minimalizovalo vyu\u017eit\u00ed servrov\u00e9ho CPU b\u011bhem p\u0159ehr\u00e1v\u00e1n\u00ed.",
    "LabelUploadSpeedLimit": "Limit rychlosti uploadu (Mbps):",
    "OptionAllowSyncTranscoding": "Povolit stahov\u00e1n\u00ed m\u00e9di\u00ed, kter\u00e9 vy\u017eaduj\u00ed p\u0159ek\u00f3dov\u00e1n\u00ed",
    "AllowMediaConversion": "Povolit p\u0159ek\u00f3dov\u00e1n\u00ed m\u00e9di\u00ed",
    "AllowMediaConversionHelp": "Povolte nebo zaka\u017ete p\u0159\u00edstup k funkci p\u0159ek\u00f3dov\u00e1n\u00ed m\u00e9di\u00ed.",
    "HeaderPlayback": "P\u0159ehr\u00e1n\u00ed m\u00e9dia",
    "OptionAllowAudioPlaybackTranscoding": "Povolit p\u0159ehr\u00e1v\u00e1n\u00ed audia, kter\u00e9 vy\u017eaduje p\u0159ek\u00f3dov\u00e1n\u00ed.",
    "OptionAllowVideoPlaybackTranscoding": "Povolit p\u0159ehr\u00e1v\u00e1n\u00ed videa, kter\u00e9 vy\u017eaduje p\u0159ek\u00f3dov\u00e1n\u00ed.",
    "OptionAllowVideoPlaybackRemuxing": "Umo\u017en\u00ed p\u0159ehr\u00e1v\u00e1n\u00ed videa, kter\u00e1 vy\u017eaduje konverzi bez op\u011btovn\u00e9ho p\u0159ek\u00f3dov\u00e1n\u00ed",
    "OptionAllowMediaPlaybackTranscodingHelp": "Omezen\u00ed p\u0159\u00edstupu k p\u0159ek\u00f3dov\u00e1n\u00ed vypne v\u00fdb\u011br kvality a m\u016f\u017ee zp\u016fsobit probl\u00e9my p\u0159i p\u0159ehr\u00e1v\u00e1n\u00ed v aplikac\u00edch Emby z d\u016fvodu nepodporovan\u00e9ho form\u00e1tu m\u00e9dia nebo nedostate\u010dn\u00e9 konektivity.",
    "TabStreaming": "Streamov\u00e1n\u00ed",
    "LabelRemoteClientBitrateLimit": "Datov\u00fd tok streamov\u00e1n\u00ed do Internetu (Mbps):",
    "LabelRemoteClientBitrateLimitHelp": "Voliteln\u00fd limit bitov\u00e9 rychlosti pro ka\u017ed\u00fd server mimo s\u00ed\u0165. To je u\u017eite\u010dn\u00e9, abyste zabr\u00e1nili za\u0159\u00edzen\u00ed po\u017eadovat vy\u0161\u0161\u00ed datov\u00fd tok, ne\u017e va\u0161e p\u0159ipojen\u00ed k internetu zvl\u00e1dne. To m\u016f\u017ee v\u00e9st ke zv\u00fd\u0161en\u00ed zat\u00ed\u017een\u00ed CPU na va\u0161em serveru, aby bylo mo\u017en\u00e9 rychle p\u0159ek\u00f3dovat videa na ni\u017e\u0161\u00ed bitovou rychlost.",
    "LabelUserRemoteClientBitrateLimitHelp": "Toto p\u0159ep\u00ed\u0161e v\u00fdchoz\u00ed glob\u00e1ln\u00ed hodnotu nastavenou v pokro\u010dil\u00fdch nastaven\u00ed serveru.",
    "LabelConversionCpuCoreLimit": "Povolen\u00fd limit CPU jader:",
    "LabelConversionCpuCoreLimitHelp": "Maxim\u00e1ln\u00ed po\u010det CPU jader pro pou\u017eit\u00ed b\u011bhem konverze na pozad\u00ed.",
    "OptionEnableFullSpeedConversion": "Povolit plnou rychlost konverze",
    "OptionEnableFullSpeedConversionHelp": "Ve v\u00fdchoz\u00edm nastaven\u00ed jsou konverze prov\u00e1d\u011bny p\u0159i n\u00edzk\u00e9 rychlosti, aby se minimalizovala spot\u0159eba zdroj\u016f.",
    "TabPhotos": "Fotky",
    "HeaderWelcomeToEmby": "V\u00edtejte v Emby",
    "EmbyIntroMessage": "S Emby m\u016f\u017eete snadno streamovat videa, hudbu a fotografie na chytr\u00e9 telefony, tablety a dal\u0161\u00ed za\u0159\u00edzen\u00ed ze sv\u00e9ho Emby serveru.",
    "ButtonConnect": "P\u0159ipojit",
    "HeaderNewServer": "Nov\u00fd server",
    "ButtonReset": "Obnovit",
    "LabelEnableFullScreen": "Povolit celoobrazovkov\u00fd m\u00f3d",
    "TabHomeScreen": "Domovsk\u00e1 obrazovka",
    "HeaderDisplay": "Zobrazen\u00ed",
    "HeaderNavigation": "Navigace",
    "OptionEnableAutomaticServerUpdates": "Povolit automatickou aktualizaci serveru",
    "HeaderOverview": "P\u0159ehled",
    "HeaderType": "Typ",
    "HeaderTunerDevices": "Tunery",
    "HeaderTVSources": "Zdroje TV",
    "HeaderAddDevice": "P\u0159idat za\u0159\u00edzen\u00ed",
    "HeaderExternalServices": "Extern\u00ed slu\u017eby",
    "LabelTunerIpAddress": "IP adresa tuneru:",
    "HeaderGuideProviders": "Zdroj dat pr\u016fvodce",
    "AddGuideProviderHelp": "P\u0159idat zdroj televizn\u00edho programu",
    "LabelZipCode": "PS\u010c",
    "GuideProviderSelectListings": "V\u00fdb\u011br zobrazen\u00ed",
    "GuideProviderLogin": "P\u0159ihl\u00e1\u0161en\u00ed",
    "LabelLineup": "Hlavn\u00ed linie:",
    "MessageTunerDeviceNotListed": "Nen\u00ed v\u00e1\u0161 tuner uveden? Pro dal\u0161\u00ed mo\u017enosti Live TV zkuste nainstalovat extern\u00edho poskytovatele slu\u017eby.",
    "LabelImportOnlyFavoriteChannels": "Zamezit ozna\u010den\u00ed kan\u00e1l\u016f jako obl\u00edben\u00e9",
    "ImportFavoriteChannelsHelp": "Pokud je povoleno, jen kan\u00e1ly ozna\u010den\u00e9 jako obl\u00edben\u00e9 budou importov\u00e1na na za\u0159\u00edzen\u00ed tuneru.",
    "ButtonRepeat": "Opakovat",
    "LabelEnableThisTuner": "Povolit tuner",
    "LabelEnableThisTunerHelp": "Zru\u0161te za\u0161krtnut\u00ed pro zabr\u00e1n\u011bn\u00ed importu kan\u00e1ly z tohoto tuneru.",
    "HeaderImagePrimary": "Z\u00e1kladn\u00ed",
    "HeaderImageBackdrop": "Pozad\u00ed",
    "HeaderImageLogo": "Logo",
    "HeaderUserPrimaryImage": "Avatar u\u017eivatele",
    "ButtonProfile": "Profil",
    "ButtonProfileHelp": "Nastavte si obr\u00e1zek profilu a heslo.",
    "HeaderHomeScreenSettings": "Nastaven\u00ed domovsk\u00e9 obrazovky",
    "HeaderProfile": "Profil",
    "HeaderLanguage": "Jazyk",
    "LabelTranscodingThreadCount": "Po\u010det vl\u00e1ken pro p\u0159ek\u00f3dov\u00e1n\u00ed:",
    "LabelTranscodingThreadCountHelp": "Zadejte maxim\u00e1ln\u00ed po\u010det vl\u00e1ken pro p\u0159ek\u00f3dov\u00e1n\u00ed. Sn\u00ed\u017een\u00edm po\u010dtu vl\u00e1ken se sn\u00ed\u017e\u00ed vyu\u017eit\u00ed procesoru, ale p\u0159evod nemus\u00ed b\u00fdt dostate\u010dn\u011b rychl\u00fd pro plynul\u00e9 p\u0159ehr\u00e1v\u00e1n\u00ed. \u00da\u010dinek se nemus\u00ed projevit v n\u011bkter\u00fdch p\u0159\u00edpadech, proto\u017ee vyu\u017eit\u00ed v\u00edcevl\u00e1knov\u00e9ho zpracov\u00e1n\u00ed nepodporuj\u00ed v\u0161echny enkod\u00e9ry a dekod\u00e9ry.",
    "OptionMax": "Maxim\u00e1ln\u00ed",
    "LabelTunerType": "Typ tuneru:",
    "HeaderSetupTVGuide": "Nastaven\u00ed TV pr\u016fvodce",
    "HeaderDefaultRecordingSettings": "Standardn\u00ed nastaven\u00ed z\u00e1znamu",
    "OptionEnableRecordingSubfolders": "Vytvo\u0159it podslo\u017eky pro kategorie, jako je Sport, D\u011bti, atd.",
    "HeaderSubtitles": "Titulky",
    "HeaderVideos": "Videa",
    "LabelHardwareAccelerationType": "Hardwarov\u00e1 akcelerace:",
    "LabelHardwareAccelerationTypeHelp": "Dostupn\u00e9 jen na podporovan\u00fdch syst\u00e9mech.",
    "HeaderAdmin": "Administr\u00e1tor",
    "HeaderCameraUpload": "Upload z fotoapar\u00e1tu",
    "ButtonClear": "Vy\u010distit",
    "LabelFolder": "Slo\u017eka:",
    "HeadersFolders": "Slo\u017eky",
    "LabelDisplayName": "Zobrazovan\u00e9 jm\u00e9no:",
    "OptionDownloadImagesInAdvance": "St\u00e1hnout obr\u00e1zky pokro\u010dilej\u0161\u00edm zp\u016fsobem",
    "OptionDownloadImagesInAdvanceHelp": "Ve v\u00fdchoz\u00edm nastaven\u00ed jsou sekund\u00e1rn\u00ed obr\u00e1zky sta\u017eeny, jen p\u0159i po\u017e\u00e1d\u00e1n\u00ed aplikace Emby. Povolen\u00edm t\u00e9to mo\u017enosti se st\u00e1hnou v\u0161echny obr\u00e1zky v p\u0159edstihu, jakmile jsou nov\u00e1 m\u00e9dia na\u010dtena do knihovny.",
    "DeleteImage": "Odstranit obr\u00e1zek",
    "MessageThankYouForSupporting": "Emby v\u00e1m t\u00edmto d\u011bkuje za va\u0161\u00ed podporu.",
    "FileReadCancelled": "\u010cten\u00ed souboru bylo zru\u0161eno.",
    "FileNotFound": "Soubor nebyl nalezen.",
    "FileReadError": "Nastala chyba p\u0159i na\u010d\u00edt\u00e1n\u00ed souboru.",
    "PinCodeResetComplete": "Pin k\u00f3d byl obnoven.",
    "PinCodeResetConfirmation": "Jsou si jist, \u017ee chcete resetovat pin k\u00f3d?",
    "HeaderPinCodeReset": "Obnovit Pin k\u00f3d",
    "NoPluginConfigurationMessage": "Tento z\u00e1suvn\u00fd modul nem\u00e1 \u017e\u00e1dn\u00e9 nastaven\u00ed.",
    "NoPluginsInstalledMessage": "Nem\u00e1te nainstalov\u00e1n \u017e\u00e1dn\u00fd z\u00e1suvn\u00fd modul.",
    "BrowsePluginCatalogMessage": "Prohl\u00e9dn\u011bte si n\u00e1\u0161 katalog, kde najdete dostupn\u00e9 z\u00e1suvn\u00e9 moduly.",
    "HeaderNewApiKey": "Nov\u00fd kl\u00ed\u010d API",
    "LabelAppName": "N\u00e1zev aplikace",
    "LabelAppNameExample": "P\u0159\u00edklad: Sickbeard, NzbDrone",
    "HeaderNewApiKeyHelp": "Ud\u011blit povolen\u00ed aplikac\u00ed pro komunikaci s Emby Server.",
    "MessageKeyEmailedTo": "Kl\u00ed\u010d odesl\u00e1n na {0}",
    "HeaderConfirmation": "Potvrzen\u00ed",
    "MessageKeyUpdated": "D\u011bkuji. V\u00e1\u0161 kl\u00ed\u010d Emby Premiere byl aktualizov\u00e1n.",
    "MessageKeyRemoved": "D\u011bkuji. V\u00e1\u0161 kl\u00ed\u010d Emby Premiere byl odstran\u011bn.",
    "TextEnjoyBonusFeatures": "U\u017eijte si bonusy",
    "MessageErrorLoadingSupporterInfo": "Do\u0161lo k chyb\u011b p\u0159i na\u010d\u00edt\u00e1n\u00ed informac\u00ed o Emby Premiere. Pros\u00edm zkuste to znovu pozd\u011bji.",
    "HeaderConfirmRemoveUser": "Odstranit u\u017eivatele",
    "ValueTimeLimitSingleHour": "\u010casov\u00fd limit: 1 hodina",
    "ValueTimeLimitMultiHour": "\u010casov\u00fd limit: {0} hodin",
    "General": "Obecn\u00e9",
    "HeaderScreenSavers": "Spo\u0159i\u010de obrazovky",
    "Notifications": "Ozn\u00e1men\u00ed",
    "Metadata": "Metadata",
    "Reporting": "Hl\u00e1\u0161en\u00ed",
    "HeaderSearch": "Vyhled\u00e1v\u00e1n\u00ed",
    "ValueDateCreated": "Vytvo\u0159eno: {0}",
    "LabelArtist": "Um\u011blec",
    "LabelMovie": "Film",
    "LabelMusicVideo": "Videoklip",
    "LabelEpisode": "Epizoda",
    "Series": "Seri\u00e1ly",
    "LabelStopping": "Zastavov\u00e1n\u00ed",
    "LabelCancelled": "Zru\u0161eno",
    "ButtonDownload": "St\u00e1hnout",
    "HeaderDevices": "Za\u0159\u00edzen\u00ed",
    "HeaderSelectCertificatePath": "Vyber cestu k certifik\u00e1tu",
    "HeaderSupporterBenefit": "Aktivn\u00ed p\u0159edplatn\u00e9 slu\u017eby Emby Premiere poskytuje dal\u0161\u00ed v\u00fdhody, jako je nap\u0159\u00edklad p\u0159\u00edstup k digit\u00e1ln\u00edm videorekord\u00e9r\u016fm Emby, offline m\u00e9di\u00edm, pr\u00e9miov\u00fdm plugin\u016fm a dal\u0161\u00edm. {0}P\u0159e\u010dt\u011bte si v\u00edce{1}.",
    "HeaderSelectDevices": "Vyber za\u0159\u00edzen\u00ed",
    "ButtonReenable": "Obnovit povolen\u00ed",
    "LabelAbortedByServerShutdown": "(P\u0159eru\u0161eno p\u0159i vypnut\u00ed serveru)",
    "LabelScheduledTaskLastRan": "Posledn\u00ed spu\u0161t\u011bn\u00ed {0}, zabralo {1}.",
    "HeaderDeleteTaskTrigger": "Zru\u0161it spu\u0161t\u011bn\u00ed \u00falohy",
    "MessageDeleteTaskTrigger": "Opravdu si p\u0159ejete odebrat spou\u0161t\u011bn\u00ed \u00falohy?",
    "MessageNoPluginsInstalled": "Nem\u00e1te instalov\u00e1ny \u017e\u00e1dn\u00e9 z\u00e1suvn\u00e9 moduly.",
    "MessageNoPluginsDueToAppStore": "Pro spr\u00e1vu z\u00e1suvn\u00fdch modul\u016f pou\u017eijte webovou aplikaci Emby.",
    "LabelVersionInstalled": "{0} instalov\u00e1no",
    "LabelNumberReviews": "{0} Hodnocen\u00ed",
    "LabelFree": "Zdarma",
    "HeaderSelectAudio": "Vyber audio",
    "HeaderSelectSubtitles": "V\u00fdb\u011br titulk\u016f",
    "LabelDefaultStream": "(Defaultn\u00ed)",
    "LabelForcedStream": "(Vynucen\u00e9)",
    "LabelDefaultForcedStream": "(Defaultn\u00ed\/Vynucen\u00e9)",
    "LabelUnknownLanguage": "Nezn\u00e1m\u00fd jazyk",
    "LabelEnabled": "Povoleno",
    "LabelDisabled": "Zak\u00e1z\u00e1no",
    "Disabled": "Vypnuto",
    "ButtonMoreInformation": "Dal\u0161\u00ed informace",
    "LabelNoUnreadNotifications": "V\u0161echna ozn\u00e1men\u00ed p\u0159e\u010dtena.",
    "HeaderConfirmSeriesCancellation": "Potvrdit zru\u0161en\u00ed nahr\u00e1v\u00e1n\u00ed seri\u00e1l\u016f",
    "HeaderConfirmRecordingDeletion": "Potvrdit smaz\u00e1n\u00ed z\u00e1znamu",
    "OptionWeekend": "V\u00edkendy",
    "OptionWeekday": "Pracovn\u00ed dny",
    "LiveTvUpdateAvailable": "(Dostupn\u00e1 aktualizace)",
    "LabelVersionUpToDate": "Aktu\u00e1ln\u00ed!",
    "ButtonCancelSeries": "Zru\u0161it seri\u00e1l",
    "HeaderSeriesRecordings": "Nahr\u00e1v\u00e1n\u00ed seri\u00e1l\u016f",
    "LabelAnytime": "Kdykoliv",
    "StatusRecording": "Nahr\u00e1v\u00e1n\u00ed",
    "StatusWatching": "Sledov\u00e1no",
    "StatusRecordingProgram": "Nahr\u00e1v\u00e1n\u00ed {0}",
    "StatusWatchingProgram": "Sledov\u00e1n\u00ed {0}",
    "HeaderSplitMedia": "Rozd\u011blit Media Apart",
    "MessageConfirmSplitMedia": "Jste si jisti, \u017ee chcete rozd\u011blit medi\u00e1ln\u00ed zdroje do samostatn\u00fdch polo\u017eek?",
    "HeaderError": "Chyba",
    "HeaderSelectServerCachePath": "Vyber slo\u017eku pro vyrovn\u00e1vac\u00ed pam\u011b\u0165 serveru",
    "HeaderSelectTranscodingPath": "Zvolte do\u010dasnou slo\u017eku pro p\u0159ek\u00f3dov\u00e1v\u00e1n\u00ed m\u00e9di\u00ed",
    "HeaderSelectMetadataPath": "Vyberte cestu k metadat\u016fm",
    "HeaderSelectServerCachePathHelp": "Vyberte nebo zadejte slo\u017eku vyrovn\u00e1vac\u00ed pam\u011bti soubor\u016f. Slo\u017eka mus\u00ed b\u00fdt zapisovateln\u00e1.",
    "HeaderSelectTranscodingPathHelp": "Vyberte nebo zadejte slo\u017eku pro do\u010dasn\u00e9 soubory p\u0159ek\u00f3dov\u00e1n\u00ed. Slo\u017eka mus\u00ed b\u00fdt zapisovateln\u00e1.",
    "HeaderSelectMetadataPathHelp": "V\u00fdb\u011br nebo zad\u00e1n\u00ed cesty, kde chcete ulo\u017eit metadata. Slo\u017eka mus\u00ed b\u00fdt zapisovateln\u00e1.",
    "MessageFileWillBeDeleted": "N\u00e1sleduj\u00edc\u00ed soubor bude smaz\u00e1n:",
    "MessageSureYouWishToProceed": "Jste si jisti, \u017ee chcete pokra\u010dovat?",
    "MessageFollowingFileWillBeMovedFrom": "N\u00e1sleduj\u00edc\u00ed soubor bude p\u0159esunut z:",
    "MessageDestinationTo": "komu:",
    "HeaderRestart": "Restart",
    "HeaderShutdown": "Vypnout",
    "MessageConfirmRestart": "Jste si jist, \u017ee chcete restartovat Emby server?",
    "MessageConfirmShutdown": "Jste si jist, \u017ee chcete vypnout Emby server?",
    "ValueItemCount": "{0} polo\u017eka",
    "ValueItemCountPlural": "{0} polo\u017eek",
    "NewVersionOfSomethingAvailable": "Je dostupn\u00e1 nov\u00e1 verze {0}.",
    "VersionXIsAvailableForDownload": "Verze {0} je nyn\u00ed dostupn\u00e1 ke sta\u017een\u00ed.",
    "LabelVersionNumber": "Verze {0}",
    "LabelPlayMethodTranscoding": "P\u0159ek\u00f3dov\u00e1n\u00ed",
    "LabelPlayMethodDirectStream": "P\u0159\u00edm\u00e9 streamov\u00e1n\u00ed",
    "LabelPlayMethodDirectPlay": "P\u0159\u00edm\u00e9 p\u0159ehr\u00e1n\u00ed",
    "LabelLocalAccessUrl": "Lok\u00e1ln\u00ed (LAN) p\u0159\u00edstup: {0}",
    "LabelRemoteAccessUrl": "Vzd\u00e1len\u00fd (WAN) p\u0159\u00edstup: {0}",
    "LabelRunningOnPort": "Spu\u0161t\u011bno na http portu {0}.",
    "LabelRunningOnPorts": "Spu\u0161t\u011bno na  http portu {0} a https portu {1}.",
    "HeaderLatestFromChannel": "Nejnov\u011bj\u0161\u00ed od {0}",
    "ButtonRemoteControl": "D\u00e1lkov\u00fd ovlada\u010d",
    "HeaderLatestTvRecordings": "Nejnov\u011bj\u0161\u00ed nahr\u00e1vky",
    "LabelCurrentPath": "Aktu\u00e1ln\u00ed cesta:",
    "HeaderSelectMediaPath": "V\u00fdb\u011br cesty k m\u00e9diu",
    "HeaderSelectPath": "Vybrat slo\u017eku",
    "ButtonNetwork": "S\u00ed\u0165",
    "MessageDirectoryPickerInstruction": "S\u00ed\u0165ov\u00e9 cesty lze zadat ru\u010dn\u011b v p\u0159\u00edpad\u011b, \u017ee tla\u010d\u00edtko 'S\u00ed\u0165' nedok\u00e1\u017ee automaticky lokalizovat va\u0161e za\u0159\u00edzen\u00ed. Nap\u0159\u00edklad, {0} nebo {1}.",
    "MessageDirectoryPickerBSDInstruction": "Pro BSD, budete mo\u017en\u00e1 muset nakonfigurovat \u00falo\u017ei\u0161t\u011b p\u0159\u00edmo ve Va\u0161em FreeNAS Jail aby k nim Emby povolil p\u0159\u00edstup.",
    "MessageDirectoryPickerLinuxInstruction": "Pro Linux na Arch Linux, CentOS, Debian, Fedora, openSUSE nebo Ubuntu, je nutn\u00e9 p\u0159i\u0159adit opr\u00e1vn\u011bn\u00ed u\u017eivatel\u016fm k \u00falo\u017ei\u0161t\u00edm syst\u00e9mu Emby alespo\u0148 pro \u010dten\u00ed.",
    "HeaderMenu": "Menu",
    "ButtonOpen": "Otev\u0159\u00edt",
    "ButtonShuffle": "N\u00e1hodn\u011b",
    "HeaderAudioTracks": "Audio stopy",
    "HeaderLibraries": "Knihovny",
    "MessageErrorPlayingVideo": "Nastala chyba p\u0159i p\u0159ehr\u00e1v\u00e1n\u00ed videa.",
    "MessageEnsureOpenTuner": "Pros\u00edm ujist\u011bte se, \u017ee je otev\u0159en\u00fd tuner dostupn\u00fd.",
    "ButtonReports": "Hl\u00e1\u0161en\u00ed",
    "MetadataManager": "Mana\u017eer metadat",
    "HeaderTime": "\u010cas",
    "LabelAddedOnDate": "P\u0159id\u00e1no {0}",
    "ButtonStart": "Start",
    "OptionBlockLiveTvChannels": "Kan\u00e1ly Live TV",
    "OptionBlockChannelContent": "Obsah internetov\u00e9ho kan\u00e1lu",
    "ButtonRevoke": "Odvolat",
    "MessageConfirmRevokeApiKey": "Jste si jisti, \u017ee chcete odvolat tento kl\u00ed\u010d API? P\u0159ipojen\u00ed k aplikaci k Emby Server bude n\u00e1siln\u011b ukon\u010deno.",
    "HeaderConfirmRevokeApiKey": "Odvolat kl\u00ed\u010d Api",
    "ValueContainer": "Kontejner: {0}",
    "ValueAudioCodec": "Audio kodeky: {0}",
    "ValueVideoCodec": "Video kodeky: {0}",
    "ValueCodec": "Kodek: {0}",
    "ValueConditions": "Podm\u00ednky: {0}",
    "LabelAll": "V\u0161e",
    "HeaderDeleteImage": "Smazat obr\u00e1zek",
    "MessageFileNotFound": "Soubor nenalezen.",
    "ButtonNextPage": "Dal\u0161\u00ed str\u00e1nka",
    "ButtonPreviousPage": "P\u0159edchoz\u00ed str\u00e1nka",
    "MessagePleaseAcceptTermsOfServiceBeforeContinuing": "Ne\u017e budete pokra\u010dovat, p\u0159ijm\u011bte pros\u00edm smluvn\u00ed podm\u00ednky.",
    "OptionOff": "Vypnout",
    "OptionOn": "Zapnout",
    "ButtonUninstall": "Odinstalovat",
    "HeaderLiveTV": "\u017div\u00e1 TV",
    "MissingPrimaryImage": "Nedostupn\u00fd z\u00e1kladn\u00ed obr\u00e1zek.",
    "MissingBackdropImage": "Nedostupn\u00fd obr\u00e1zek pozad\u00ed.",
    "MissingLogoImage": "Nedostupn\u00e9 logo",
    "MissingEpisode": "Chyb\u00ed epizoda.",
    "OptionBackdrops": "Pozad\u00ed",
    "OptionImages": "Obr\u00e1zky",
    "OptionKeywords": "Kl\u00ed\u010dov\u00e1 slova",
    "OptionTags": "Tagy",
    "OptionStudios": "Studia",
    "OptionName": "N\u00e1zev",
    "OptionOverview": "P\u0159ehled\/Obsah",
    "OptionGenres": "\u017d\u00e1nry",
    "OptionPeople": "Lid\u00e9",
    "OptionBirthLocation": "M\u00edsto narozen\u00ed",
    "HeaderChangeFolderType": "Zm\u011bna typu obsahu",
    "HeaderChangeFolderTypeHelp": "Chcete-li zm\u011bnit typ, vyjm\u011bte a znovu prohledejte knihovny s nov\u011b p\u0159i\u0159azen\u00fdm typem.",
    "HeaderAlert": "Upozorn\u011bn\u00ed",
    "MessagePleaseRestart": "Pro dokon\u010den\u00ed aktualizac\u00ed, pros\u00edm, restartujte.",
    "ButtonHide": "Skr\u00fdt",
    "MessageSettingsSaved": "Nastaven\u00ed ulo\u017eeno.",
    "TabLibrary": "Knihovna",
    "TabLiveTV": "\u017div\u00e1 TV",
    "TabPlugins": "Z\u00e1suvn\u00e9 moduly",
    "TabHelp": "N\u00e1pov\u011bda",
    "HeaderNotifications": "Ozn\u00e1men\u00ed",
    "HeaderSelectPlayer": "V\u00fdb\u011br p\u0159ehr\u00e1va\u010de",
    "HeaderSpecials": "Speci\u00e1ly",
    "HeaderTrailers": "Trailery",
    "HeaderResolution": "Rozli\u0161en\u00ed",
    "HeaderRuntime": "D\u00e9lka",
    "HeaderParentalRating": "Rodi\u010dovsk\u00e9 hodnocen\u00ed",
    "HeaderReleaseDate": "Datum vyd\u00e1n\u00ed",
    "HeaderSeries": "Seri\u00e1ly",
    "HeaderSeason": "S\u00e9rie",
    "HeaderSeasonNumber": "\u010c\u00edslo s\u00e9rie",
    "HeaderNetwork": "S\u00ed\u0165",
    "HeaderYear": "Rok:",
    "HeaderEmbeddedImage": "Vlo\u017een\u00fd obr\u00e1zek",
    "OptionHomeVideos": "Dom\u00e1c\u00ed videa a fotky",
    "OptionBooks": "Knihy",
    "ButtonUp": "Zes\u00edlit",
    "ButtonDown": "Zeslabit",
    "HeaderMetadataReaders": "\u010cte\u010dky metadat",
    "LabelMetadataReadersHelp": "Se\u0159a\u010fte sv\u00e9 preferovan\u00e9 lok\u00e1ln\u00ed zdroje metadat dle priority. Prvn\u00ed nalezen\u00e1 data budou na\u010dtena.",
    "HeaderSubtitleDownloaders": "Stahova\u010de titulk\u016f",
    "SubtitleDownloadersHelp": "Dle priority povol\u00ed a za\u0159ad\u00ed Va\u0161e up\u0159ednost\u0148ovan\u00e9 stahova\u010de titulk\u016f. Pomoc\u00ed Emby plugin katalogu m\u016f\u017eete nainstalovat v\u00edce poskytovatel\u016f titulk\u016f.",
    "LabelMetadataDownloaders": "Stahova\u010de metadat:",
    "LabelMetadataDownloadersHelp": "Povol\u00ed \u0159azen\u00ed va\u0161ich preferovan\u00fdch stahova\u010d\u016f metadat podle priority. Stahova\u010d s ni\u017e\u0161\u00ed prioritou bude pou\u017eit pouze k dopln\u011bn\u00ed chyb\u011bj\u00edc\u00edch informac\u00ed.",
    "HeaderMetadataSavers": "St\u0159adatel\u00e9 metadat",
    "LabelMetadataSaversHelp": "Vyberte form\u00e1ty soubor\u016f pro ulo\u017een\u00ed metadat.",
    "LabelImageFetchers": "Stahova\u010d obr\u00e1zk\u016f:",
    "LabelImageFetchersHelp": "Povol\u00ed \u0159azen\u00ed stahova\u010d\u016f obr\u00e1zk\u016f dle priority.",
    "PersonTypePerson": "Osoba",
    "HeaderRemoveMediaLocation": "Odebrat um\u00edst\u011bn\u00ed media",
    "MessageConfirmRemoveMediaLocation": "Jste si jist, \u017ee chcete odstranit toto um\u00edst\u011bn\u00ed?",
    "LabelNewName": "Nov\u00fd n\u00e1zev:",
    "HeaderRemoveMediaFolder": "Odebrat slo\u017eku m\u00e9di\u00ed",
    "MessageTheFollowingLocationWillBeRemovedFromLibrary": "N\u00e1sleduj\u00edc\u00ed um\u00edst\u011bn\u00ed m\u00e9di\u00ed budou odstran\u011bna z knihovny Emby:",
    "MessageAreYouSureYouWishToRemoveMediaFolder": "Jste si jist, \u017ee chcete odstranit tuto slo\u017eku m\u00e9di\u00ed?",
    "ButtonRename": "P\u0159ejmenovat",
    "ButtonChangeContentType": "Zm\u011bnit typ obsahu",
    "HeaderMediaLocations": "Slo\u017eky m\u00e9di\u00ed",
    "LabelContentTypeValue": "Typ obsahu: {0}",
    "FolderTypeUnset": "Sm\u00ed\u0161en\u00fd obsah",
    "HeaderPluginInstallation": "Instalace z\u00e1suvn\u00fdch modul\u016f",
    "MessageAlreadyInstalled": "Tato verze je ji\u017e nainstalov\u00e1na.",
    "MessageYouHaveVersionInstalled": "V sou\u010dasn\u00e9 dob\u011b m\u00e1te instalov\u00e1nu verzi {0}.",
    "MessageTrialExpired": "Zku\u0161ebn\u00ed obdob\u00ed pro tuto funkci ji\u017e vypr\u0161elo",
    "MessageTrialWillExpireIn": "Zku\u0161ebn\u00ed doba t\u00e9to funkce vypr\u0161\u00ed za {0} dn\u00ed",
    "MessageInstallPluginFromApp": "Tento z\u00e1suvn\u00fd modul mus\u00ed b\u00fdt instalov\u00e1n z aplikace, kter\u00fd jej pou\u017e\u00edv\u00e1.",
    "ValuePriceUSD": "N\u00e1klady: {0} (USD)",
    "MessageFeatureIncludedWithSupporter": "Jste registrov\u00e1ni pro tuto funkci, a budete ji moci nad\u00e1le pou\u017e\u00edvat s aktivn\u00edm p\u0159edplatn\u00fdm Emby Premiere.",
    "HeaderUnrated": "Nehodnoceno",
    "HeaderUnknownDate": "Datum nezn\u00e1m\u00fd",
    "HeaderUnknownYear": "Rok nezn\u00e1m\u00fd",
    "HeaderSelectExternalPlayer": "Vybrat extern\u00ed p\u0159ehr\u00e1va\u010d",
    "HeaderExternalPlayerPlayback": "P\u0159ehr\u00e1t v extern\u00edm p\u0159ehr\u00e1va\u010di",
    "OptionWatched": "Shl\u00e9dnuto",
    "OptionUnwatched": "Neshl\u00e9dnuto",
    "LabelMarkAs": "Ozna\u010dit jako:",
    "OptionInProgress": "V procesu",
    "LabelResumePoint": "Bod pokra\u010dov\u00e1n\u00ed:",
    "ValueOneTrailer": "1 uk\u00e1zka",
    "ValueTrailerCount": "{0} trailer\u016f",
    "ValueSeriesYearToPresent": "{0} - Pr\u00e1v\u011b te\u010f",
    "ValueAwards": "Ocen\u011bn\u00ed: {0}",
    "ValuePremiered": "Uvedeno {0}",
    "ValuePremieres": "Premi\u00e9ry {0}",
    "ValueStudio": "Studio: {0}",
    "ValueStudios": "Studia: {0}",
    "ValueStatus": "Stav: {0}",
    "LabelLimit": "Limit:",
    "ValueLinks": "Odkazy: {0}",
    "ValueArtist": "Herci: {0}",
    "ValueArtists": "Herci: {0}",
    "MediaInfoCameraMake": "Zna\u010dka fotoapar\u00e1tu",
    "MediaInfoCameraModel": "Model fotoapar\u00e1tu",
    "MediaInfoAltitude": "Nadmo\u0159sk\u00e1 v\u00fd\u0161ka",
    "MediaInfoAperture": "Sv\u011btelnost",
    "MediaInfoExposureTime": "Doba expozice",
    "MediaInfoFocalLength": "Ohniskov\u00e1 vzd\u00e1lenost",
    "MediaInfoOrientation": "Orientace",
    "MediaInfoIsoSpeedRating": "ISO citlivost",
    "MediaInfoLatitude": "Zem\u011bpisn\u00e1 \u0161\u00ed\u0159ka",
    "MediaInfoLongitude": "Zem\u011bpisn\u00e1 d\u00e9lka",
    "MediaInfoShutterSpeed": "Rychlost uz\u00e1v\u011brky",
    "MediaInfoSoftware": "Software",
    "TabExpert": "Expert",
    "HeaderSelectCustomIntrosPath": "Vyberte cestu k uvodn\u00edm vide\u016fm",
    "HeaderThankYou": "D\u011bkuji",
    "ReleaseYearValue": "Rok vyd\u00e1n\u00ed: {0}",
    "TabExtras": "Bonusy:",
    "DeviceLastUsedByUserName": "Posledn\u011b pou\u017eil {0}",
    "HeaderSelectUploadPath": "V\u00fdb\u011br slo\u017eky pro upload",
    "ErrorMessageStartHourGreaterThanEnd": "\u010cas ukon\u010den\u00ed mus\u00ed b\u00fdt v\u011bt\u0161\u00ed ne\u017e \u010das startu.",
    "ButtonLibraryAccess": "P\u0159\u00edstup ke knihovn\u011b",
    "ButtonParentalControl": "Rodi\u010dovsk\u00e1 kontrola",
    "MessagePluginConfigurationRequiresLocalAccess": "Pro konfiguraci z\u00e1suvn\u00e9ho modulu se p\u0159ihlaste p\u0159\u00edmo na lok\u00e1ln\u00ed server",
    "HeaderCancelSyncJob": "Zru\u0161it synchronizaci",
    "MovieLibraryHelp": "Prohl\u00e9dn\u011bte si {0}pr\u016fvodce pojmenov\u00e1n\u00edm vide\u00ed Emby{1}.",
    "TvLibraryHelp": "Prohl\u00e9dn\u011bte si {0}pr\u016fvodce pojmenov\u00e1n\u00edm TV epizod Emby{1}.",
    "BookLibraryHelp": "Textov\u00e9 knihy jsou podporov\u00e1ny. Prohl\u00e9dn\u011bte si {0}pr\u016fvodce pojmenov\u00e1n\u00edm TV epizod Emby{1}.",
    "MessageGamePluginRequired": "Vy\u017eaduje instalaci z\u00e1suvn\u00e9ho modulu GameBrowser",
    "MessageUnsetContentHelp": "Obsah bude zobrazen jako prost\u00e9 slo\u017eky.",
    "ButtonNewServer": "Nov\u00fd server",
    "ButtonRemote": "Vzd\u00e1len\u00e9 ovl\u00e1d\u00e1n\u00ed",
    "HeaderUnlockApp": "Odemknout aplikaci",
    "HeaderUnlockSync": "Odemknout synchronizaci Emby",
    "MessagePaymentServicesUnavailable": "Platebn\u00ed slu\u017eby nejsou v sou\u010dasn\u00e9 dob\u011b k dispozici. Pros\u00edm zkuste to pozd\u011bji znovu.",
    "HeaderLibrary": "Knihovna",
    "HeaderMedia": "M\u00e9dia",
    "NoNewDevicesFound": "Nebylo nalezeno \u017e\u00e1dn\u00e9 nov\u00e9 za\u0159\u00edzen\u00ed. Chcete-li p\u0159idat nov\u00fd tuner, zav\u0159ete toto dialogov\u00e9 okno a zadejte informace o za\u0159\u00edzen\u00ed ru\u010dn\u011b.",
    "ManageLibrary": "Spravovat knihovnu",
    "HeaderConfirm": "Souhlas",
    "MessageConfirmDeleteTunerDevice": "Jste si jisti, \u017ee chcete smazat tento p\u0159\u00edstroj?",
    "MessageConfirmDeleteGuideProvider": "Jste si jisti, \u017ee chcete smazat tohoto poskytovatele programov\u00e9ho pr\u016fvodce?",
    "HeaderDeleteProvider": "Odebrat poskytovatele",
    "ErrorAddingTunerDevice": "Do\u0161lo k chyb\u011b p\u0159i p\u0159id\u00e1n\u00ed za\u0159\u00edzen\u00ed tuneru. Pros\u00edm, ujist\u011bte se, \u017ee je p\u0159\u00edstupn\u00fd a zkuste to znovu.",
    "ErrorSavingTvProvider": "P\u0159i ukl\u00e1d\u00e1n\u00ed poskytovatele TV do\u0161lo k chyb\u011b. Pros\u00edm, ujist\u011bte se, \u017ee je p\u0159\u00edstupn\u00fd a zkuste to znovu.",
    "ErrorGettingTvLineups": "Do\u0161lo k chyb\u011b p\u0159i stahov\u00e1n\u00ed tv lineups. Ujist\u011bte se pros\u00edm, \u017ee zadan\u00e9 informace jsou spr\u00e1vn\u00e9, a zkuste to znovu.",
    "MessageCreateAccountAt": "Vytvo\u0159it \u00fa\u010det v {0}",
    "ErrorPleaseSelectLineup": "Vyberte seskupen\u00ed a zkuste to znovu. Pokud nejsou k dispozici \u017e\u00e1dn\u00e9 seskupen\u00ed, pak pros\u00edm zkontrolujte, zda va\u0161e u\u017eivatelsk\u00e9 jm\u00e9no, heslo a po\u0161tovn\u00ed sm\u011brovac\u00ed \u010d\u00edslo je spr\u00e1vn\u00e9.s",
    "HeaderTryEmbyPremiere": "Zkuste Emby Premiere",
    "OptionEnableDisplayMirroring": "Povolit zrcadlen\u00ed zobrazen\u00ed",
    "ErrorValidatingSupporterInfo": "Do\u0161lo k chyb\u011b p\u0159i ov\u011b\u0159ov\u00e1n\u00ed informac\u00ed o va\u0161em p\u0159edplatn\u00e9m Emby Premiere. Pros\u00edm zkuste to pozd\u011bji.",
    "LabelLocalSyncStatusValue": "Stav: {0}",
    "OptionBackdropSlideshow": "Slideshow pro pozad\u00ed",
    "HeaderTopPlugins": "Nejl\u00e9pe hodnocen\u00e9 z\u00e1suvn\u00e9 moduly",
    "ButtonOther": "Dal\u0161\u00ed",
    "ButtonMenu": "Menu",
    "ForAdditionalLiveTvOptions": "Prohledejte Emby {0}plugin katalog{1} pro nainstalov\u00e1n\u00ed dodate\u010dn\u00fdch poskytovatel\u016f \u017div\u00e9 TV.",
    "AddUser": "P\u0159idat u\u017eivatele",
    "HeaderEmailAddress": "E-mailov\u00e1 adresa",
    "NumLocationsValue": "{0} slo\u017eky",
    "ErrorAddingListingsToSchedulesDirect": "Do\u0161lo k chyb\u011b p\u0159i p\u0159id\u00e1n\u00ed sestavy do \u00fa\u010dtu va\u0161eho Direct pl\u00e1nova\u010de. Direct pl\u00e1nova\u010d umo\u017e\u0148uje pouze omezen\u00fd po\u010det sestav na \u00fa\u010det. Mo\u017en\u00e1 se budete muset p\u0159ihl\u00e1sit do webov\u00fdch str\u00e1nek Direct pl\u00e1nova\u010de a p\u0159ed pokra\u010dov\u00e1n\u00edm odstranit ostatn\u00ed v\u00fdpisy ze sv\u00e9ho \u00fa\u010dtu.",
    "PleaseAddAtLeastOneFolder": "P\u0159idejte pros\u00edm nejm\u00e9n\u011b jednu slo\u017eku do t\u00e9to knihovny pomoc\u00ed tla\u010d\u00edtka P\u0159idat.",
    "ErrorAddingMediaPathToVirtualFolder": "Nastala chyba p\u0159i p\u0159id\u00e1v\u00e1n\u00ed cesty k m\u00e9di\u00edm. Zkontrolujte zda zadan\u00e1 slo\u017eka je validn\u00ed a Emby Server m\u00e1 k t\u00e9to slo\u017ece p\u0159\u00edstup.",
    "ErrorAddingEmbyConnectAccount3": "\u00da\u010det Emby je ji\u017e propojen s existuj\u00edc\u00edm m\u00edstn\u00edm u\u017eivatelem. \u00da\u010det Emby m\u016f\u017ee b\u00fdt spojen pouze s jedn\u00edm lok\u00e1ln\u00edm u\u017eivatelem sou\u010dasn\u011b.",
    "HeaderConfirmPluginInstallation": "Potvrzen\u00ed instalace z\u00e1suvn\u00e9ho modulu",
    "PleaseConfirmPluginInstallation": "Pro potvrzen\u00ed, \u017ee jste si p\u0159e\u010detli text v\u00fd\u0161e a chcete pokra\u010dovat v instalaci z\u00e1suvn\u00fdch modul\u016f, klikn\u011bte na tla\u010d\u00edtko OK.",
    "MessagePluginInstallDisclaimer": "Zasuvn\u00e9 moduly vytvo\u0159en\u00e9 \u010dleny Emby komunity jsou skv\u011bl\u00fd zp\u016fsob, jak zv\u00fd\u0161it sv\u016fj Emby pro\u017eitek pomoc\u00ed dopl\u0148kov\u00fdch funkc\u00ed :-) P\u0159ed instalac\u00ed, se pros\u00edm seznamte se v\u0161emi dopady, kter\u00e9 mohou m\u00edt na Emby Server, jako je nap\u0159\u00edklad del\u0161\u00ed prohled\u00e1v\u00e1n\u00ed knihovny, dal\u0161\u00ed zpracov\u00e1n\u00ed na pozad\u00ed, a sn\u00ed\u017een\u00ed stability syst\u00e9mu.",
    "TitleHardwareAcceleration": "Hardwarov\u00e1 akcelerace",
    "HardwareAccelerationWarning": "Zapnut\u00ed hardwarov\u00e9 akcelerace m\u016f\u017ee zp\u016fsobit nestabilitu v n\u011bkter\u00fdch prost\u0159ed\u00edch. Ujist\u011bte se, \u017ee va\u0161e ovlada\u010de opera\u010dn\u00edho syst\u00e9mu a videa jsou pln\u011b aktu\u00e1ln\u00ed. M\u00e1te-li pot\u00ed\u017ee s p\u0159ehr\u00e1v\u00e1n\u00edm videa po zapnut\u00ed, budete muset zm\u011bnit nastaven\u00ed zp\u011bt na Auto.",
    "ValueExample": "P\u0159\u00edklad: {0}",
    "LabelFileOrUrl": "Soubor nebo URL:",
    "OptionEnableForAllTuners": "Povolit pro v\u0161echna za\u0159\u00edzen\u00ed tuner\u016f",
    "HeaderTuners": "Tunery",
    "LabelOptionalM3uUrl": "M3U url (nepovinn\u00e9):",
    "LabelOptionalM3uUrlHelp": "N\u011bkter\u00e1 za\u0159\u00edzen\u00ed podporuj\u00edc\u00ed M3U v\u00fdpis kan\u00e1lu.",
    "TabResumeSettings": "Obnovit nastaven\u00ed",
    "DrmChannelsNotImported": "Kan\u00e1l s DRM nebude importov\u00e1n",
    "LabelAllowHWTranscoding": "Povolit hardwarov\u00e9 p\u0159ek\u00f3dov\u00e1n\u00ed",
    "AllowHWTranscodingHelp": "Pokud nastav\u00edte, povol\u00edte tuneru p\u0159ek\u00f3dov\u00e1n\u00ed v re\u00e1ln\u00e9m \u010dase. M\u016f\u017ee sn\u00ed\u017eit z\u00e1t\u011b\u017e p\u0159ek\u00f3dov\u00e1v\u00e1n\u00ed po\u017eadovan\u00e9 Emby Serverem.",
    "MetadataSettingChangeHelp": "Zm\u011bna nastaven\u00ed metadat bude m\u00edt vliv na nov\u00fd obsah, kter\u00fd bude p\u0159id\u00e1v\u00e1n. Chcete-li aktualizovat st\u00e1vaj\u00edc\u00ed obsah, otev\u0159te obrazovku s detailem a klepn\u011bte na tla\u010d\u00edtko Aktualizovat, nebo prove\u010fte hromadnou aktualizaci pomoc\u00ed spr\u00e1vce metadat.",
    "RecordingPathChangeMessage": "Zm\u011bna z\u00e1znamov\u00e9 slo\u017eky automaticky nep\u0159esune st\u00e1vaj\u00edc\u00ed z\u00e1znamy ze star\u00e9ho um\u00edst\u011bn\u00ed do nov\u00e9ho. Budete muset p\u0159esunout ru\u010dn\u011b, pokud je to \u017e\u00e1douc\u00ed.",
    "LabelSportsCategories": "Sportovn\u00ed kategorie:",
    "XmlTvSportsCategoriesHelp": "Programy s t\u011bmito kategoriemi budou zobrazeny jako sportovn\u00ed po\u0159ady. V\u00edce kategori\u00ed odd\u011blte \"|\".",
    "LabelNewsCategories": "Nov\u00e9 kategorie:",
    "XmlTvNewsCategoriesHelp": "Programy s t\u011bmito kategoriemi budou zobrazeny jako zpravodajsk\u00e9 po\u0159ady. V\u00edce kategori\u00ed odd\u011blte \"|\".",
    "LabelKidsCategories": "D\u011btsk\u00e9 kategorie:",
    "XmlTvKidsCategoriesHelp": "Programy s t\u011bmito kategoriemi budou zobrazeny jako programy pro d\u011bti. V\u00edce kategori\u00ed odd\u011blte \"|\".",
    "LabelMovieCategories": "Filmov\u00e9 kategorie:",
    "XmlTvMovieCategoriesHelp": "Programy s t\u011bmito kategoriemi budou zobrazeny jako filmy. V\u00edce kategori\u00ed odd\u011blte \"|\".",
    "XmlTvPathHelp": "Cesta ke XML tv souboru. Emby bude \u010d\u00edst tento soubor a pravideln\u011b kontrolovat dostupnost aktualizac\u00ed. Jste zodpov\u011bdn\u00fd za vytv\u00e1\u0159en\u00ed a aktualizaci souboru.",
    "LabelLocalIpAddress": "M\u00edstn\u00ed IP adresa:",
    "LabelBindToLocalNetworkAddressHelp": "Voliteln\u00e9. P\u0159epsat lok\u00e1ln\u00ed IP adresu, kterou se Emby server prokazuje aplikac\u00edm Emby. Pokud je nevypln\u011bn\u00e9, server automaticky zjist\u00ed lok\u00e1ln\u00ed IP adresu.",
    "SettingsWarning": "Zm\u011bna t\u011bchto hodnot m\u016f\u017ee zp\u016fsobit nestabilitu nebo selh\u00e1n\u00ed p\u0159ipojen\u00ed. Pokud naraz\u00edte na n\u011bjak\u00e9 probl\u00e9my, doporu\u010dujeme jej zm\u011bnit zp\u011bt na v\u00fdchoz\u00ed hodnotu.",
    "MapChannels": "Mapa kan\u00e1l\u016f",
    "OptionSaveMetadataAsHiddenHelp": "Zm\u011bna bude platit pro nov\u011b ulo\u017een\u00e1 metadata do budoucna. Existuj\u00edc\u00ed soubory metadat budou aktualizov\u00e1ny p\u0159\u00ed\u0161t\u011b, jakmile budou ulo\u017eeny Emby Serverem.",
    "EnablePhotos": "Povolit fotky",
    "EnablePhotosHelp": "Fotografie budou detekov\u00e1ny a zobrazeny spolu s dal\u0161\u00edmi multimedi\u00e1ln\u00edmi soubory.",
    "LabelMaxAudioFileBitrate": "Maxim\u00e1ln\u00ed audio datov\u00fd tok:",
    "LabelMaxAudioFileBitrateHelp": "Zvukov\u00e9 soubory s vy\u0161\u0161\u00edm datov\u00fdm tokem budou p\u0159evedeny dle Emby Server. Vyberte vy\u0161\u0161\u00ed hodnotu pro lep\u0161\u00ed kvalitu, nebo pro zachov\u00e1n\u00ed dostatku \u00falo\u017en\u00e9ho prostoru, vyberte ni\u017e\u0161\u00ed hodnotu.",
    "SaveThumbnailImagesIntoMediaFolders": "Ulo\u017eit n\u00e1hledy miniatur do slo\u017eky s m\u00e9dii",
    "LabelGenerateVideoPreviewThumbnails": "Vytvo\u0159it miniatury jako n\u00e1hledy videa",
    "LabelEnableDebugLogging": "Povolit z\u00e1znam pro lad\u011bn\u00ed",
    "OptionEnableExternalContentInSuggestions": "Aktivovat extern\u00ed obsah v n\u00e1vrz\u00edch",
    "OptionEnableExternalContentInSuggestionsHelp": "Povolit internetov\u00e9 upout\u00e1vky a \u017eiv\u00e9 televizn\u00ed programy, kter\u00e9 maj\u00ed b\u00fdt zahrnuty do navr\u017een\u00e9ho obsahu.",
    "LabelH264EncodingPreset": "P\u0159ednastaven\u00ed H264 k\u00f3dov\u00e1n\u00ed:",
    "H264EncodingPresetHelp": "Vyber hodnotu faster ke zv\u00fd\u0161en\u00ed v\u00fdkonu, nebo slower ke zv\u00fd\u0161en\u00ed kvality.",
    "LabelH264Crf": "H264 k\u00f3dov\u00e1n\u00ed CRF:",
    "H264CrfHelp": "Constant Rate faktor (CRF) je v\u00fdchoz\u00edm nastaven\u00ed kvality pro kod\u00e9r x264. M\u016f\u017eete nastavit hodnoty mezi 0 a 51, kde ni\u017e\u0161\u00ed hodnoty vedou lep\u0161\u00ed kvalit\u011b (na \u00fakor v\u011bt\u0161\u00ed velikosti soubor\u016f). Rozumn\u00e9 hodnoty jsou mezi 18 a 28. V\u00fdchoz\u00ed hodnota pro x264 je 23, kter\u00fd m\u016f\u017eete pou\u017e\u00edt jako v\u00fdchoz\u00ed bod.",
    "LabelOptionalNetworkPath": "(Nepovinn\u00e9) Sd\u00edlen\u00e1 s\u00ed\u0165ov\u00e1 slo\u017eka:",
    "LabelOptionalNetworkPathHelp": "If this folder is shared on your network, supplying the network share path can allow Emby apps on other devices to access media files directly.",
    "SynologyUpdateInstructions": "Pros\u00edm p\u0159ihla\u0161te se k DSM a aktualizujte Centrum Bal\u00ed\u010dk\u016f.",
    "LabelMoviePrefix": "P\u0159edpona filmu:",
    "LabelMoviePrefixHelp": "Je-li prefix aplikov\u00e1n na filmov\u00e9 tituly, zadejte jej zde, aby jej Emby spr\u00e1vn\u011b zpracoval.",
    "HeaderRecordingPostProcessing": "N\u00e1sledn\u00e9 zpracov\u00e1n\u00ed nahr\u00e1vek",
    "LabelPostProcessorArguments": "Argumenty p\u0159\u00edkazov\u00e9 \u0159\u00e1dky pro n\u00e1sledn\u00e9 zpracov\u00e1n\u00ed",
    "LabelPostProcessorArgumentsHelp": "Pou\u017eij {path} jako cestu k nahr\u00e1van\u00e9mu souboru.",
    "LabelPostProcessor": "Aplikace pro n\u00e1sledn\u00e9 zpracov\u00e1n\u00ed:",
    "ErrorAddingXmlTvFile": "Nastala chyba p\u0159i p\u0159\u00edstupu k XmlTV souboru. Ujist\u011bte se, \u017ee soubor existuje, a zkuste znovu spustit.",
    "OptionAutomaticallyGroupSeries": "Automatick\u00e9 slou\u010den\u00ed k seri\u00e1lu, kter\u00e9 jsou ve v\u00edce slo\u017ek\u00e1ch",
    "OptionAutomaticallyGroupSeriesHelp": "Pokud je povoleno, budou d\u00edly seri\u00e1lu ulo\u017een\u00e9 ve v\u00edce adres\u00e1\u0159\u00edch v t\u00e9to knihovn\u011b, automaticky slou\u010deny k jednomu seri\u00e1lu.",
    "WhenDidYouPurchaseApp": "Kdy jste tuto aplikaci p\u016fvodn\u011b zakoupili?",
    "PreferEmbeddedTitlesOverFileNames": "Up\u0159ednost\u0148ovat vlo\u017een\u00e9 n\u00e1zvy nad n\u00e1zvy soubor\u016f",
    "PreferEmbeddedTitlesOverFileNamesHelp": "Toto ur\u010duje v\u00fdchoz\u00ed zobrazen\u00fd n\u00e1zev, pokud nejsou k dispozici \u017e\u00e1dn\u00e1 internetov\u00e1 metadata ani lok\u00e1ln\u00ed metadata.",
    "HeaderLiveTvTunerSetup": "Nastaven\u00ed tuneru Live TV.",
    "HeaderTVSourceSetup": "Nastaven\u00ed zdroj\u016f TV",
    "HeaderDetectMyDevices": "Naj\u00edt m\u00e1 za\u0159\u00edzen\u00ed",
    "MessagePleaseWait": "Pros\u00edm, \u010dekejte. M\u016f\u017ee to chv\u00edli trvat.",
    "DetectingDevices": "Hled\u00e1n\u00ed za\u0159\u00edzen\u00ed",
    "LabelAutomaticallyRefreshInternetMetadataEvery": "Po po\u010d\u00e1te\u010dn\u00edm importu automaticky aktualizovat metadata z internetu:",
    "Never": "Nikdy",
    "EveryNDays": "Ka\u017ed\u00fd {0} den",
    "HeaderNewDevices": "Nov\u00e9 za\u0159\u00edzen\u00ed",
    "LabelCertificatePassword": "Heslo certifik\u00e1tu:",
    "LabelCertificatePasswordHelp": "Pokud v\u00e1\u0161 certifik\u00e1t vy\u017eaduje heslo, zadejte jej zde.",
    "LabelEnableHardwareDecodingFor": "Povolit hardwarov\u00e9 dek\u00f3dov\u00e1n\u00ed pro:",
    "EnableHardwareEncoding": "Povolit hardwarov\u00e9 p\u0159ek\u00f3dov\u00e1n\u00ed",
    "Rate": "Hodnocen\u00ed",
    "HeaderNewLibrary": "Nov\u00e1 knihovna",
    "HttpsRequiresCert": "Chcete-li povolit zabezpe\u010den\u00e1 p\u0159ipojen\u00ed, budete muset dodat d\u016fv\u011bryhodn\u00fd certifik\u00e1t SSL, jako nap\u0159\u00edklad Lets Encrypt. Vlo\u017ete pros\u00edm bu\u010f certifik\u00e1t, nebo vypn\u011bte zabezpe\u010den\u00e9 p\u0159ipojen\u00ed.",
    "ServerRestartNeededAfterPluginInstall": "Po instalaci pluginu bude t\u0159eba restartovat server Emby.",
    "PluginInstalledMessage": "Plugin byl \u00fasp\u011b\u0161n\u011b nainstalov\u00e1n. Emby server se bude muset restartovat, aby se zm\u011bny projevily.",
    "Themes": "T\u00e9mata",
    "MessagePremiereStatusGood": "Pou\u017e\u00edv\u00e1te {0} p\u0159edplatn\u00e9 Emby Premiere a pou\u017e\u00edv\u00e1n\u00ed va\u0161eho za\u0159\u00edzen\u00ed jsou v r\u00e1mci va\u0161eho limitu.",
    "MessagePremiereStatusClose": "Pou\u017e\u00edv\u00e1te {0} p\u0159edplatn\u00e9 Emby Premiere a pou\u017e\u00edv\u00e1n\u00ed za\u0159\u00edzen\u00ed se bl\u00ed\u017e\u00ed limitu.",
    "MessagePremiereExtendedPlans": "Zva\u017ete {0}roz\u0161\u00ed\u0159en\u00ed p\u0159edplatn\u00e9ho pro za\u0159\u00edzen\u00ed{1}",
    "MessagePremiereStatusOver": "Pou\u017e\u00edv\u00e1te {0} p\u0159edplatn\u00e9 Emby Premiere, ale p\u0159ekro\u010dili jste limit za\u0159\u00edzen\u00ed!",
    "ListItemPremiereSub": "{0} p\u0159edplatn\u00e9 zakoupen\u00e9 p\u0159es {2} vypr\u0161\u00ed {1}",
    "LabelClickToCancel": "Kliknut\u00edm zru\u0161it toto p\u0159edplatn\u00e9",
    "LabelCancelInfo": "Toto p\u0159edplatn\u00e9 m\u016f\u017eete spravovat p\u0159\u00edmo p\u0159es {0}",
    "LabelAlreadyCanceled": "Toto p\u0159edplatn\u00e9 bylo zru\u0161eno. Kl\u00ed\u010d bude platn\u00fd, dokud neexpiruje.",
    "HeaderCancelSub": "Zru\u0161it Emby Premiere",
    "MessageConfirmSubCancel": "Ne, neodch\u00e1zejte pros\u00edm... P\u0159ijdete o v\u0161echny skv\u011bl\u00e9 funkce Emby Premiere.",
    "ButtonCancelSub": "J\u00e1 v\u00edm, chci to zru\u0161it",
    "ButtonDontCancelSub": "Zachovat Emby Premiere",
    "MessageSubCancelReqSent": "E-mail byl odesl\u00e1n majiteli kl\u00ed\u010de. Podle pokyn\u016f v tomto e-mailu dokon\u010dete zru\u0161en\u00ed tohoto p\u0159edplatn\u00e9ho. Douf\u00e1me, \u017ee v\u00e1s brzy uvid\u00edme!",
    "MessageSubCancelError": "N\u011bco se stalo \u0161patn\u011b, operace nedokon\u010dena. Za\u0161lete pros\u00edm e-mail na {0} a my se v\u00e1m pokus\u00edme pomoci.",
    "LabelAlreadyCancelled": "Toto p\u0159edplatn\u00e9 bylo zru\u0161eno. Nebude v\u00e1m \u00fa\u010dtov\u00e1no znovu, ale funkce budou fungovat a\u017e do v\u00fd\u0161e uveden\u00e9ho data.",
    "AllowOnTheFlySubtitleExtraction": "V\u0161echny titulky extrahovat za b\u011bhu",
    "AllowOnTheFlySubtitleExtractionHelp": "Vlo\u017een\u00e9 titulky lze z vide\u00ed extrahovat a odes\u00edlat do aplikac\u00ed Emby v prost\u00e9m textu, aby se zabr\u00e1nilo p\u0159ek\u00f3dov\u00e1n\u00ed videa. Na n\u011bkter\u00fdch syst\u00e9mech to m\u016f\u017ee trvat dlouhou dobu a b\u011bhem procesu extrakce zp\u016fsobit zastaven\u00ed p\u0159ehr\u00e1v\u00e1n\u00ed videa. Zaka\u017ete to, aby byly titulky vlo\u017eeny do obrazu p\u0159i p\u0159ek\u00f3dov\u00e1n\u00ed videa, pokud nejsou klientsk\u00fdm za\u0159\u00edzen\u00edm nativn\u011b podporov\u00e1ny.",
    "ButtonStopRecording": "Zastavit z\u00e1znam",
    "EnableDebugLoggingHelp": "Z\u00e1znamy lad\u011bn\u00ed by m\u011bly b\u00fdt zapnuty pouze pro \u00fa\u010dely odstra\u0148ov\u00e1n\u00ed probl\u00e9m\u016f. Zv\u00fd\u0161en\u00fd p\u0159\u00edstupk souborov\u00e9mu syst\u00e9mu m\u016f\u017ee v n\u011bkter\u00fdch prost\u0159ed\u00edch zabr\u00e1nit serveru v p\u0159echodu do re\u017eimu sp\u00e1nku.",
    "LabelSimultaneousConnectionLimit": "Limit sou\u010dasn\u00fdch stream\u016f:",
    "SimultaneousConnectionLimitHelp": "Maxim\u00e1ln\u00ed povolen\u00fdch po\u010det sou\u010dasn\u011b b\u011b\u017e\u00edc\u00edch stream\u016f. Pokud to nechcete omezit, zadejte 0.",
    "LaunchWebAppOnStartup": "Spustit webovou aplikaci Emby p\u0159i startu Emby serveru",
    "LaunchWebAppOnStartupHelp": "Kdy\u017e se spust\u00ed Emby Server, otev\u0159e se webov\u00e1 aplikace ve v\u00fdchoz\u00edm webov\u00e9m prohl\u00ed\u017ee\u010di. Nedojde k tomu p\u0159i pou\u017eit\u00ed funkce restartov\u00e1n\u00ed serveru.",
    "LabelReferrerHeader": "Referen\u010dn\u00ed HTTP hlavi\u010dka:",
    "LabelUserAgentHeader": "HTTP hlavi\u010dka user agenta:",
    "SupplyCustomValueIfNeeded": "V p\u0159\u00edpad\u011b pot\u0159eby p\u0159idejte vlastn\u00ed http hlavi\u010dku user-agenta.",
    "HeaderConfigureRemoteAccess": "Nastavit vzd\u00e1len\u00fd p\u0159\u00edstup",
    "LearnHowToCreateSynologyShares": "Zjist\u011bte, jak sd\u00edlet slo\u017eky ve slu\u017eb\u011b Synology.",
    "LabelAllowedRemoteAddresses": "Filtr vzd\u00e1len\u00e9 IP adresy:",
    "LabelAllowedRemoteAddressesMode": "Re\u017eim filtru vzd\u00e1len\u00e9 IP adresy:",
    "Whitelist": "Whitelist",
    "Blacklist": "Blacklist",
    "AllowedRemoteAddressesHelp": "Seznam IP adres nebo s\u00ed\u0165ov\u00fdch masek odd\u011blen\u00fdch \u010d\u00e1rkami pro s\u00edt\u011b, kter\u00e9 se budou moci vzd\u00e1len\u011b p\u0159ipojovat. Pokud z\u016fstane pole pr\u00e1zdn\u00e9, budou povoleny v\u0161echny vzd\u00e1len\u00e9 adresy.",
    "LabelLanNetworks": "S\u00edt\u011b LAN:",
    "LanNetworksHelp": "Seznam adres IP nebo IP \/ s\u00ed\u0165ov\u00fdch masek odd\u011blen\u00fdch \u010d\u00e1rkami pro s\u00edt\u011b, kter\u00e9 budou pova\u017eov\u00e1ny za lok\u00e1ln\u00ed s\u00ed\u0165 p\u0159i vynucov\u00e1n\u00ed omezen\u00ed \u0161\u00ed\u0159ky p\u00e1sma. Pokud je nastaveno, budou v\u0161echny ostatn\u00ed adresy IP pova\u017eov\u00e1ny za extern\u00ed s\u00ed\u0165 a budou podl\u00e9hat omezen\u00edm extern\u00ed \u0161\u00ed\u0159ky p\u00e1sma. Pokud je nevypln\u011bn\u00e9, budou pova\u017eov\u00e1ny za lok\u00e1ln\u00ed s\u00ed\u0165 pouze pods\u00ed\u0165 serveru a b\u011b\u017en\u00e9 priv\u00e1tn\u00ed pods\u00edt\u011b (IP 10.0.0.0\/8, 192.168.0.0\/24 atd.).",
    "LabelSecureConnectionsMode": "Zabezpe\u010den\u00fd re\u017eim p\u0159ipojen\u00ed:",
    "PreferredNotRequired": "Preferov\u00e1n, ale nen\u00ed vy\u017eadov\u00e1n",
    "RequiredForAllRemoteConnections": "Vy\u017eadov\u00e1n pro v\u0161echna vzd\u00e1len\u00e1 p\u0159ipojen\u00ed",
    "HandledByProxy": "Zpracov\u00e1no p\u0159es reverzn\u00ed proxy",
    "SaveSubtitlesIntoMediaFolders": "Ulo\u017eit titulky do slo\u017eky s m\u00e9dii",
    "SaveSubtitlesIntoMediaFoldersHelp": "Ulo\u017een\u00ed titulk\u016f vedle video soubor\u016f umo\u017en\u00ed snadn\u011bj\u0161\u00ed spr\u00e1vu.",
    "AutomaticSubtitleDownloadInstructions": "Chcete-li spravovat automatick\u00e9 stahov\u00e1n\u00ed titulk\u016f, klikn\u011bte na pat\u0159i\u010dnou knihovnu v nastaven\u00ed knihovny Emby a t\u00e9to knihovn\u011b upravte nastaven\u00ed stahov\u00e1n\u00ed titulk\u016f.",
    "OpenSubtitleInstructions": "Budete muset nakonfigurovat informaci o \u00fa\u010dtu na Open Subtitles na obrazovce nastaven\u00ed Open Subtitles na panelu Emby serveru.",
    "LabelEnableHardwareAcceleration": "Povolit hardwarovou akceleraci, jsou-li k dispozici:",
    "HeaderPreferredHardwareDecoders": "Preferovan\u00e9 hardwarov\u00e9 dekod\u00e9ry",
    "HeaderPreferredHardwareEncoders": "Preferovan\u00e9 hardwarov\u00e9 enkod\u00e9ry",
    "AllowChangingImageAndPassword": "Povolit tomuto u\u017eivateli zm\u011bnit heslo a profilov\u00fd obr\u00e1zek",
    "LabelTranscodeBuffer": "Vyrovn\u00e1vac\u00ed pam\u011b\u0165 pro p\u0159ek\u00f3dov\u00e1n\u00ed:",
    "LabelTranscodePosition": "Pozice p\u0159ek\u00f3dov\u00e1n\u00ed:",
    "LabelPlaybackPosition": "Pozice p\u0159ehr\u00e1v\u00e1n\u00ed:",
    "LabelSimultaneousStreamLimit": "Maximum soub\u011b\u017en\u00fdch video stream\u016f:",
    "SimultaneousStreamLimitHelp": "Omez\u00ed po\u010det soub\u011b\u017en\u00fdch relac\u00ed p\u0159ehr\u00e1v\u00e1n\u00ed videa.",
    "LabelMusicFolderStructure": "Struktura slo\u017eky s hudbou:",
    "LabelMusicFolderStructureHelp": "Zajist\u00ed informace o uspo\u0159\u00e1d\u00e1n\u00ed slo\u017eek pro scanner knihovny. Nejste-li si jisti nebo nev\u00edte p\u0159esn\u011b jak\u00e9 z uveden\u00fdch mo\u017enost\u00ed odpov\u00edd\u00e1 Va\u0161e struktura slo\u017eek, vyberte, pros\u00edm, v\u00fdchoz\u00ed volbu nebo \"jin\u00e9\".",
    "OtherOrUnstructured": "Jin\u00e9 nebo bez struktury",
    "PerfectArtistAlbumTrack": "P\u0159esn\u011b uspo\u0159\u00e1dan\u00e9 do slo\u017eek interpret\\album, kde jsou jednotliv\u00e9 skladby um\u00edst\u011bny ve slo\u017ece s albem.",
    "PerfectAlbumTrack": "P\u0159esn\u011b uspo\u0159\u00e1dan\u00e9 do slo\u017eek s alby, kde jsou jednotliv\u00e9 skladby um\u00edst\u011bny ve slo\u017ece s albem.",
    "LiveTVServiceIntegrationHelp": "Pod\u00edvejte se na na\u0161eho pr\u016fvodce {0}integrac\u00ed {1} do Emby{2}.",
    "LabelMinCollectionSize": "Minim\u00e1ln\u00ed velikost automatick\u00e9 kolekce:",
    "MinCollectionSizeHelp": "Automaticky vytv\u00e1\u0159et kolekce pokud m\u00e1te vybran\u00fd po\u010det titul\u016f ve Va\u0161\u00ed knihovn\u011b. Zm\u011bna t\u00e9to hodnoty nebude m\u00edt vliv na ji\u017e existuj\u00edc\u00ed kolekce.",
    "LabelImportCollections": "Importovat informace o kolekci ze stahova\u010d\u016f metadat",
    "LabelImportCollectionsHelp": "Povolen\u00edm t\u00e9to mo\u017enosti se nahraj\u00ed informace o kolekci z povolen\u00fdch stahova\u010d\u016f metadat. Toto m\u016f\u017ee zp\u016fsobit ne\u017e\u00e1douc\u00ed automatick\u00e9 vytv\u00e1\u0159en\u00ed kolekc\u00ed. Zak\u00e1z\u00e1n\u00edm se zabr\u00e1n\u00ed jejich automatick\u00e9mu vytv\u00e1\u0159en\u00ed, ale nesma\u017eou se ji\u017e existuj\u00edc\u00ed kolekce.",
    "LabelAllowAdultMetadata": "Povolit metadata obsahu pro dosp\u011bl\u00e9",
    "LabelAllowAdultMetadataHelp": "P\u0159i vyhled\u00e1v\u00e1n\u00ed internetov\u00fdch metadat dovol\u00ed p\u0159irazen\u00ed k obsahu pro dosp\u011bl\u00e9.",
    "HeaderVideoPreviewThumbnails": "N\u00e1hledy miniatur vide\u00ed.",
    "LabelEnableHDRToneMapping": "Povolit mapov\u00e1n\u00ed barevn\u00fdch odst\u00edn\u016f HDR:",
    "EnableHDRToneMappingHelp": "Mapov\u00e1n\u00ed barevn\u00fdch odst\u00edn\u016f zajist\u00ed spr\u00e1vnou konverzi barev p\u0159i p\u0159ek\u00f3dov\u00e1n\u00ed HDR obsahu, kter\u00fd by se jinak jevil jako velmi ztlumen\u00fd a nenasycen\u00fd. Povolen\u00edm t\u00e9to funkce mohou b\u00fdt pro podporu hardwarov\u00e9 akcelerace zapot\u0159eb\u00ed dal\u0161\u00ed sou\u010d\u00e1sti ovlada\u010de. Podrobnosti najdete v na\u0161em pr\u016fvodci nastaven\u00edm hardwarov\u00e9 akcelerace.",
    "WithHardwareAcceleratedTranscoding": "Ano, pouze s hardwarovou akcelerac\u00ed",
    "TranscodingStillInitializing": "Slu\u017eby serveru Emby pro transk\u00f3dov\u00e1n\u00ed se st\u00e1le spou\u0161t\u00ed.  Tato obrazovka se automaticky obnov\u00ed, a\u017e budou transk\u00f3dovac\u00ed slu\u017eby p\u0159ipraveny.",
    "WithSoftwareTranscoding": "Ano, s vynucen\u00fdm softwarov\u00fdm p\u0159ek\u00f3dov\u00e1n\u00edm",
    "WithEitherHardwareOrSoftwareTranscoding": "Ano, bu\u010f s hardwarov\u00fdm nebo softwarov\u00fdm p\u0159ek\u00f3dov\u00e1n\u00edm",
    "ToneMappingInHardwareDescription": "Mapov\u00e1n\u00ed barevn\u00fdch odst\u00edn\u016f bude provedeno pomoc\u00ed hardwarov\u00e9 akcelerace pokud je povolena a podporov\u00e1na hardwarem. Ve v\u0161ech ostatn\u00edch p\u0159\u00edpadech bude vynech\u00e1no.",
    "ToneMappingInSoftwareDescription": "Mapov\u00e1n\u00ed barevn\u00fdch odst\u00edn\u016f bude provedeno softwarov\u011b vyu\u017eit\u00edm CPU. Toto je mnohem pomalej\u0161\u00ed ne\u017e hardwarov\u011b akcelerovan\u00e9 mapov\u00e1n\u00ed t\u00f3n\u016f a bude vy\u017eadovat velmi v\u00fdkonn\u00fd server.",
    "ToneMappingInBothDescription": "Mapov\u00e1n\u00ed barevn\u00fdch odst\u00edn\u016f bude provedeno pomoc\u00ed hardwarov\u00e9 akcelerace pokud je povolena a podporov\u00e1na hardwarem. Ve v\u0161ech ostatn\u00edch p\u0159\u00edpadech bude z\u00e1lo\u017en\u00ed variantou softwarov\u00e9 proveden\u00ed. Mapov\u00e1n\u00ed barevn\u00fdch odst\u00edn\u016f softwarov\u011b je mnohem pomalej\u0161\u00ed ne\u017e hardwarov\u011b akcelerovan\u00e9 a bude vy\u017eadovat velmi v\u00fdkonn\u00fd server.",
    "AutoMapped": "Automaticky namapov\u00e1no",
    "ManuallyMapped": "Ru\u010dn\u011b namapov\u00e1no",
    "NotMappedToGuideData": "Nenamapov\u00e1no na data pr\u016fvodce",
    "MappedToValue": "Namapov\u00e1no na {0}",
    "LabelAutomaticallyWakeServerForRecordings": "Automatically wake the server machine to perform recordings",
    "LabelAutomaticallyWakeServerForRecordingsHelp": "Wake events will be scheduled with the server operating system. Disabling this option will prevent future wake events from being scheduled but will not remove any previously scheduled events.",
    "Database": "Database",
    "LabelOptimizeDatabaseOnShutdown": "Attempt to optimize the database on server shutdowns",
    "LabelOptimizeDatabaseOnShutdownHelp": "The database optimize operation is usually a no-op but it will occasionally run an analysis if it seems like doing so will be useful to the query planner. This may cause Emby Server to take longer to shutdown.",
    "LabelDatabaseCacheSize": "Database cache size (MB)",
    "LabelDatabaseCacheSizeHelp": "Sets the amount of data that the database will hold in memory at once, per database file. A larger value may help improve Emby Server performance. Requires a server restart to take effect.",
    "LabelDatabaseAnalysisLimit": "Analysis row limit",
    "LabelDatabaseAnalysisLimitHelp": "When the database is optimized, this is the approximate number of rows examined in each index by the ANALYZE command. A larger value will increase the effectiveness of the database optimization, but may cause Emby Server to take longer to shutdown.",
    "LabelVacuumDb": "Vacuum the database on the next Emby Server startup",
    "LabelVacuumDbHelp": "The vacuum command rebuilds the database file, repacking it into a minimal amount of disk space. In some cases this may improve Emby Server performance. Please note that your Emby Server will not be usable during the time of the vacuum operation, nor will there be any way to monitor the progress of the vacuum. Please avoid force closing the Emby Server process during this time as it may lead to database corruption. This is a one-time operation and this option will revert to unchecked on the next server startup.",
    "AdvancedOptionsWarning": "These are advanced options and should generally be left at defaults unless you have a reason to change them."
}