{
    "LabelFinish": "Finish",
    "LabelYoureDone": "You're Done!",
    "ThisWizardWillGuideYou": "This wizard will help guide you through the setup process. To begin, please select your preferred language.",
    "HeaderCreateYourFirstUser": "Create Your First User",
    "ButtonQuickStartGuide": "Quick Start Guide",
    "MoreUsersCanBeAddedLater": "More users can be added later within Emby Server settings.",
    "UserProfilesIntro": "Emby includes built-in support for user profiles, enabling each user to have their own display settings, playstate and parental controls.",
    "WizardCompleted": "That's all we need for now. Emby has begun collecting information about your media library. Check out some of our apps, and then click <b>Finish<\/b> to view the <b>Server Dashboard<\/b>.",
    "HeaderTermsOfService": "Emby Terms of Service",
    "MessagePleaseAcceptTermsOfService": "Please accept the terms of service and privacy policy before continuing.",
    "OptionIAcceptTermsOfService": "I accept the terms of service",
    "HeaderGuideDataSetup": "Guide Data Setup",
    "LabelGuideSource": "Guide source:",
    "SeeOurHwaGuide": "See our {0}hardware acceleration setup guide{1}.",
    "HeaderEmbyServerReleaseNotes": "Emby Server Release Notes",
    "AllowSubtitleDownloading": "Allow subtitle downloading",
    "AllowSubtitleManagement": "Allow deletion of existing subtitle files",
    "NewUserNameHelp": "This is how the user will appear on your server.",
    "ChapterMarkers": "Chapter markers",
    "LabelThumbnailImagesInterval": "Thumbnail images interval:",
    "ThumbnailImagesIntervalHelp": "More frequent thumbnails will result in a better experience, but will require  more disk space and time to create the images.",
    "LabelAuthProvider": "Authentication provider:",
    "AuthProviderHelp": "Administrators always use the default Emby provider to ensure you're never locked out.",
    "HeaderNewUser": "New User",
    "ChangeServerDisplayName": "Change Server Display Name",
    "GetServerInfo": "Get Server Info",
    "LabelPinCode": "PIN code:",
    "ShowAdvancedSettings": "Show advanced settings",
    "ChangingMetadataImageSettingsNewContent": "Changes to metadata or artwork downloading settings will only apply to new content added to your library. To apply the changes to existing titles, you'll need to refresh their metadata manually.",
    "AllowRemoteAccess": "Allow remote connections to this Emby Server.",
    "AllowRemoteAccessHelp": "If unticked, all remote connections will be blocked.",
    "Alerts": "Alerts",
    "LabelTrackTitleDisplay": "Embedded track title display:",
    "GenerateUserFriendlyTrackTitles": "Generate user friendly titles using track information",
    "PreferOriginalTrackTitles": "Prefer embedded titles",
    "TrackTitleDisplayHelp": "Choose the display title of embedded audio and subtitle tracks. Preferring embedded is not recommended unless you are manually curating embedded track information.",
    "EnableTranscodingThrottle": "Enable throttling",
    "EnableTranscodingThrottleHelp": "Emby will dynamically adjust transcoding speed based in order to reduce CPU utilisation.",
    "HeaderTypeMetadataDownloaders": "{0} Metadata Downloaders",
    "HeaderTypeImageFetchers": "{0} Image Fetchers",
    "HeaderImageOptions": "Image Options",
    "OptionBeta": "Beta",
    "HeaderTaskTriggers": "Task Triggers",
    "Paths": "Paths",
    "CategorySync": "Sync",
    "RegisterWithPayPal": "Register with PayPal",
    "LabelSyncTempPath": "Temporary file path:",
    "LabelSyncTempPathHelp": "Specify a custom working folder. Converted media created during the conversion process will be stored here.",
    "LabelCustomCertificatePath": "Custom SSL certificate path:",
    "LabelCustomCertificatePathHelp": "Path to a PKCS #12 file containing a certificate and private key to enable TLS support on a custom domain.",
    "HeaderSetupLibrary": "Setup Media Libraries",
    "LabelTimeLimitHours": "Time limit (hours):",
    "HeaderPreferredMetadataLanguage": "Preferred Metadata Language",
    "LabelSaveLocalMetadata": "Save artwork into media folders",
    "LabelSaveLocalMetadataHelp": "Saving artwork into media folders will put them in a place where they can be easily stored and edited.",
    "TabPassword": "Password",
    "TabLibraryAccess": "Library Access",
    "TabAccess": "Access",
    "TabProfile": "Profile",
    "TabMetadata": "Metadata",
    "HeaderDeviceAccess": "Device Access",
    "OptionEnableAccessFromAllDevices": "Enable access from all devices",
    "OptionEnableAccessToAllChannels": "Enable access to all channels",
    "OptionEnableAccessToAllLibraries": "Enable access to all libraries",
    "DeviceAccessHelp": "Filtering user device access will prevent them from using new devices until they've been approved here.",
    "LabelDisplayMissingEpisodesWithinSeasons": "Display missing episodes within series",
    "LabelDisplayMissingEpisodesWithinSeasonsHelp": "This must also be enabled for TV libraries in Emby Server setup.",
    "ImportMissingEpisodesHelp": "If enabled, information about missing episodes will be imported into your Emby database and displayed within seasons and series. This may cause significantly longer library scans.",
    "MessageEnablingOptionLongerScans": "Enabling this option may result in significantly longer library scans.",
    "TabSecurity": "Security",
    "ButtonSave": "Save",
    "LabelUrl": "URL:",
    "HeaderCreatePassword": "Create Password",
    "LabelMaxParentalRating": "Maximum allowed parental rating:",
    "MaxParentalRatingHelp": "Content with a higher rating will be hidden from this user.",
    "LibraryAccessHelp": "Select the media folders to share with this user. Administrators will be able to edit all folders using the metadata manager.",
    "ChannelAccessHelp": "Select the channels to share with this user. Administrators will be able to edit all channels using the metadata manager.",
    "LabelSelectUsers": "Select users:",
    "ImageUploadAspectRatioHelp": "1:1 Aspect Ratio Recommended. JPG\/PNG only.",
    "AlreadyPaidHelp1": "If you already paid to install an older version of Media Browser for Android, you don't need to pay again in order to activate this app. Click OK to send us an email at {0} and we'll get it activated for you.",
    "AlreadyPaidHelp2": "Got Emby Premiere? Just cancel this dialog, setup Emby Premiere in your Emby Server Dashboard under Help -> Emby Premiere, and it will be unlocked automatically.",
    "TabMyPlugins": "My Plugins",
    "TabCatalog": "Catalogue",
    "HeaderAutomaticUpdates": "Automatic Updates",
    "Standard": "Standard",
    "TabAdvanced": "Advanced",
    "TabGeneral": "General",
    "TitleSupport": "Support",
    "TabAbout": "About",
    "TabSupporterKey": "Emby Premiere Key",
    "TabBecomeSupporter": "Get Emby Premiere",
    "TabEmbyPremiere": "Emby Premiere",
    "OptionHideUserLocal": "Hide this user from login screens on the local network",
    "OptionHideUserRemote": "Hide this user from login screens when connected remotely",
    "OptionHideUserFromLoginHelp": "Useful for private or hidden administrator accounts. The user will need to sign in manually by entering their username and password.",
    "HideFromUnusedDevices": "Hide this user from login screens on devices they've never signed into",
    "OptionDisableUser": "Disable this user",
    "OptionDisableUserHelp": "If disabled the server will not allow any connections from this user. Existing connections will be abruptly terminated.",
    "ButtonHelp": "Help",
    "OptionAllowUserToManageServer": "Allow this user to manage the server",
    "HeaderFeatureAccess": "Feature Access",
    "OptionAllowMediaPlayback": "Allow media playback",
    "OptionAllowBrowsingLiveTv": "Allow Live TV access",
    "AllLibraries": "All libraries",
    "HeaderAllowMediaDeletionFrom": "Allow Media Deletion From",
    "AllowDeletionFromAll": "Allow media deletion from all libraries",
    "OptionAllowManageLiveTv": "Allow Live TV recording management",
    "OptionAllowRemoteControlOthers": "Allow remote control of other users",
    "OptionAllowRemoteSharedDevices": "Allow remote control of shared devices",
    "OptionAllowRemoteSharedDevicesHelp": "DLNA devices are considered shared until a user begins controlling it.",
    "OptionAllowLinkSharing": "Allow social media sharing",
    "OptionAllowLinkSharingHelp": "Only web pages containing media information are shared. Media files are never shared publicly. Shares are time-limited and will expire after {0} days.",
    "OptionMissingTmdbId": "Missing Tmdb Id",
    "OptionIsHD": "HD",
    "OptionIsSD": "SD",
    "ButtonSelect": "Select",
    "HeaderCredits": "Credits",
    "PleaseSupportOtherProduces": "Please support other free products we utilise:",
    "VersionNumber": "Version {0}",
    "TabPaths": "Paths",
    "Cache": "Cache",
    "TabServer": "Server",
    "OptionRelease": "Official Release",
    "LabelAllowServerAutoRestart": "Allow the server to restart automatically to apply updates",
    "LabelAllowServerAutoRestartHelp": "The server will only restart during idle periods, when no users are active.",
    "LabelRunServerAtStartup": "Run server at startup",
    "LabelRunServerAtStartupHelp": "This will start the Emby notification icon on Windows startup. If you've set up a Windows service then leave this unticked and configure the service to run at startup.",
    "ButtonSelectDirectory": "Select Directory",
    "LabelCachePath": "Cache path:",
    "DefaultMetadataLangaugeDescription": "These are your defaults and can be customised on a per-library basis.",
    "LabelCachePathHelp": "Specify a custom location for server cache files, such as images. Leave blank to use the server default.",
    "LabelRecordingPath": "Default recording path:",
    "LabelMovieRecordingPath": "Movie recording path (optional):",
    "LabelSeriesRecordingPath": "Series recording path (optional):",
    "LabelRecordingPathHelp": "Specify the default location to save recordings. If left empty, the server's program data folder will be used.",
    "LabelMetadataPath": "Metadata path:",
    "LabelMetadataPathHelp": "Specify a custom location for downloaded artwork and metadata.",
    "LabelTranscodingTempPath": "Transcoding temporary path:",
    "LabelTranscodingTempPathHelp": "This folder contains working files used by the transcoder. Specify a custom path, or leave empty to use the default within the server's data folder.",
    "TabBasics": "Basics",
    "TabTV": "TV",
    "TabGames": "Games",
    "TabMusic": "Music",
    "TabOthers": "Others",
    "OptionMovies": "Movies",
    "OptionEpisodes": "Episodes",
    "OptionOtherVideos": "Other Videos",
    "GenerateVideoPreviewThumbnailsHelp": "Video preview thumbnails provide live updates while seeking in supported apps. Thumbnail generation may take a long time, cause high CPU usage and consume additional disk space.",
    "AsAScheduledTask": "as a scheduled task",
    "AsAScheduledTaskAndMediaAdded": "as a scheduled task and when media is added",
    "TabGuide": "Guide",
    "TabChannels": "Channels",
    "TabCollections": "Collections",
    "HeaderChannels": "Channels",
    "TabRecordings": "Recordings",
    "TabSeries": "Series",
    "TabFavorites": "Favourites",
    "TabMyLibrary": "My Library",
    "TabSettings": "Settings",
    "ButtonRefreshGuideData": "Refresh Guide Data",
    "ButtonRefresh": "Refresh",
    "OptionPriority": "Priority",
    "OptionRecordOnAllChannels": "Record on all channels",
    "OptionRecordAnytime": "Record at any time",
    "OptionRecordOnlyNewEpisodes": "Record only new episodes",
    "HeaderDays": "Days",
    "ButtonEdit": "Edit",
    "ButtonRecord": "Record",
    "ButtonDelete": "Delete",
    "ButtonRemove": "Remove",
    "OptionRecordSeries": "Record Series",
    "HeaderDetails": "Details",
    "TitleLiveTV": "Live TV",
    "LabelNumberOfGuideDays": "Number of days of guide data to download:",
    "LabelNumberOfGuideDaysHelp": "Downloading more days worth of guide data provides the ability to schedule out further in advance and view more listings, but it will also take longer to download. Auto will choose based on the number of channels. Please note that regardless of how many days you choose, the data must exist in the source guide data in order for it to be downloaded. Some guide data sources only provide 24 hours. Emby Guide Data supports up to 14 days.",
    "OptionAutomatic": "Auto",
    "HeaderServices": "Services",
    "LabelCustomizeOptionsPerMediaType": "Customise for media type:",
    "OptionDownloadThumbImage": "Thumb",
    "OptionDownloadMenuImage": "Menu",
    "OptionDownloadLogoImage": "Logo",
    "OptionDownloadBoxImage": "Box",
    "OptionDownloadDiscImage": "Disc",
    "OptionDownloadBannerImage": "Banner",
    "OptionDownloadBackImage": "Back",
    "OptionDownloadArtImage": "Art",
    "OptionDownloadPrimaryImage": "Primary",
    "HeaderFetchImages": "Fetch Images:",
    "TabOther": "Other",
    "LabelMaxBackdropsPerItem": "Maximum number of backdrops per item:",
    "LabelMaxScreenshotsPerItem": "Maximum number of screenshots per item:",
    "LabelMinBackdropDownloadWidth": "Minimum backdrop download width:",
    "LabelMinScreenshotDownloadWidth": "Minimum screenshot download width:",
    "ButtonAddScheduledTaskTrigger": "Add Trigger",
    "HeaderAddScheduledTaskTrigger": "Add Trigger",
    "ButtonAdd": "Add",
    "LabelTriggerType": "Trigger Type:",
    "OptionDaily": "Daily",
    "OptionWeekly": "Weekly",
    "OptionOnInterval": "On an interval",
    "OptionOnAppStartup": "On application startup",
    "OptionAfterSystemEvent": "After a system event",
    "LabelDay": "Day:",
    "LabelTime": "Time:",
    "LabelEvent": "Event:",
    "OptionWakeFromSleep": "Wake from sleep",
    "LabelEveryXMinutes": "Every:",
    "HeaderTvTuners": "Tuners",
    "TabFolders": "Folders",
    "LabelSpecialSeasonsDisplayName": "Special season display name:",
    "LabelEnableRealtimeMonitor": "Enable real time monitoring",
    "LabelEnableRealtimeMonitorHelp": "Changes to files will be processed immediately, on supported file systems.",
    "HeaderMediaFolders": "Media Folders",
    "HeaderThemeVideos": "Theme Videos",
    "HeaderThemeSongs": "Theme Songs",
    "HeaderSpecialFeatures": "Special Features",
    "ButtonSplitVersionsApart": "Split Versions Apart",
    "ButtonPlayTrailer": "Trailer",
    "LabelMissing": "Missing",
    "OptionSpecialEpisode": "Specials",
    "OptionMissingEpisode": "Missing Episodes",
    "OptionUnairedEpisode": "Unaired Episodes",
    "OptionEpisodeSortName": "Episode Sort Name",
    "OptionTvdbRating": "Tvdb Rating",
    "HeaderAddTitles": "Add Titles",
    "TabHome": "Home",
    "HeaderLinks": "Links",
    "Community": "Community",
    "HeaderEmbyNews": "Emby News",
    "LabelFriendlyServerName": "Friendly server name:",
    "LabelFriendlyServerNameHelp": "This name will be used to identify this server. If left blank, the computer name will be used.",
    "LabelPreferredDisplayLanguage": "Preferred display language:",
    "LabelPreferredDisplayLanguageHelp": "Translating Emby is an ongoing project.",
    "LabelReadHowYouCanContribute": "Learn how you can contribute.",
    "ButtonSubmit": "Submit",
    "ButtonCreate": "Create",
    "LabelCustomCss": "Custom css:",
    "LabelCustomCssHelp": "Apply your own custom css to the web interface.",
    "LabelLocalHttpServerPortNumber": "Local HTTP port number:",
    "LabelLocalHttpServerPortNumberHelp": "The TCP port number that Emby's HTTP server should bind to.",
    "LabelPublicHttpPort": "Public HTTP port number:",
    "LabelPublicHttpPortHelp": "The public port number that should be mapped to the local HTTP port.",
    "LabelPublicHttpsPort": "Public HTTPS port number:",
    "LabelPublicHttpsPortHelp": "The public port number that should be mapped to the local HTTPS port.",
    "RequireHttps": "Require HTTPS for external connections",
    "RequireHttpsHelp": "If enabled, connections over HTTP will be redirected to HTTPS.",
    "LabelHttpsPort": "Local HTTPS port number:",
    "LabelHttpsPortHelp": "The TCP port number that Emby's HTTPS server should bind to.",
    "LabelEnableAutomaticPortMap": "Enable automatic port mapping",
    "LabelEnableAutomaticPortMapHelp": "Attempt to automatically map the public port to the local port via UPnP. This may not work with some router models.",
    "LabelExternalDDNS": "External domain:",
    "LabelExternalDDNSHelp": "If you have a dynamic DNS or domain name, enter it here, without the protocol or port. Emby apps will use it when connecting remotely. This field is required when used with a custom SSL certificate. Example: mydomain.com.",
    "LabelMinResumePercentage": "Min resume percentage:",
    "LabelMaxResumePercentage": "Max resume percentage:",
    "LabelMinResumeDuration": "Min resume duration (seconds):",
    "LabelMinResumePercentageHelp": "Titles are assumed unplayed if stopped before this time",
    "LabelMaxResumePercentageHelp": "Titles are assumed fully played if stopped after this time",
    "LabelMinResumeDurationHelp": "Titles shorter than this will not be resumable",
    "HeaderName": "Name",
    "HeaderDate": "Date",
    "HeaderSource": "Source",
    "HeaderStatus": "Status",
    "HeaderDestination": "Destination",
    "Subscriptions": "Subscriptions",
    "HeaderProgram": "Program",
    "HeaderClients": "Clients",
    "LabelCompleted": "Completed",
    "LabelFailed": "Failed",
    "LabelSkipped": "Skipped",
    "LabelSeries": "Series:",
    "LabelEndingEpisodeNumber": "Ending episode number:",
    "LabelEndingEpisodeNumberHelp": "Only required for multi-episode files",
    "HeaderSupportTheTeam": "Support the Emby Team",
    "HeaderSupportTheTeamHelp": "Help ensure the continued development of this project by purchasing Emby Premiere. A portion of all income will be contributed to other free tools we depend on.",
    "DonationNextStep": "Once complete, please return and enter your Emby Premiere key, which you will receive by email.",
    "LabelSeasonFolderPattern": "Season folder pattern:",
    "LabelSeasonZeroFolderName": "Season zero folder name:",
    "HeaderResult": "Result",
    "LabelTransferMethod": "Transfer method",
    "HeaderLatestNews": "Latest News",
    "HeaderRunningTasks": "Running Tasks",
    "HeaderActiveDevices": "Active Devices",
    "HeaderPendingInstallations": "Pending Installations",
    "ButtonRestartNow": "Restart Now",
    "ButtonShutdown": "Shutdown Emby Server",
    "ButtonUpdateNow": "Update Now",
    "TabHosting": "Hosting",
    "PleaseUpdateManually": "Please shutdown Emby Server and install the latest version.",
    "NewServerVersionAvailable": "A new version of Emby Server is available!",
    "ServerUpToDate": "Emby Server is up to date",
    "LabelComponentsUpdated": "The following components have been installed or updated:",
    "MessagePleaseRestartServerToFinishUpdating": "Please restart the server to finish applying updates.",
    "LabelDownMixAudioScale": "Audio boost when downmixing:",
    "LabelDownMixAudioScaleHelp": "Boost audio when downmixing. Set to 1 to preserve original volume value.",
    "LabelCurrentEmailAddress": "Current email address",
    "LabelCurrentEmailAddressHelp": "The current email address to which your new key was sent.",
    "HeaderForgotKey": "Forgot Key",
    "LabelSupporterEmailAddress": "The email address that was used to purchase the key.",
    "ButtonRetrieveKey": "Retrieve Key",
    "LabelSupporterKey": "Emby Premiere key (paste from email):",
    "LabelSupporterKeyHelp": "Enter your Emby Premiere key to start enjoying additional benefits.",
    "MessageInvalidKey": "Emby Premiere key is missing or invalid.",
    "ErrorMessageInvalidKey": "In order for any premium content to be registered, you must also have an active Emby Premiere subscription.",
    "HeaderRequireManualLogin": "Require manual username entry for:",
    "HeaderRequireManualLoginHelp": "When disabled, Emby apps may present a login screen with a visual selection of users.",
    "OptionOtherApps": "Other apps",
    "OptionMobileApps": "Mobile apps",
    "LabelNotificationEnabled": "Enable this notification",
    "LabelMonitorUsers": "Monitor activity from:",
    "LabelSendNotificationToUsers": "Send the notification to:",
    "LabelUseNotificationServices": "Use the following services:",
    "CategoryUser": "User",
    "CategorySystem": "System",
    "CategoryApplication": "Application",
    "CategoryPlugin": "Plugin",
    "LabelAvailableTokens": "Available tokens:",
    "AdditionalNotificationServices": "Browse the Emby {0}plugin catalogue{1} to install additional notification services.",
    "OptionAllUsers": "All users",
    "OptionAdminUsers": "Administrators",
    "OptionCustomUsers": "Custom",
    "ButtonArrowUp": "Up",
    "ButtonArrowDown": "Down",
    "ButtonArrowLeft": "Left",
    "ButtonArrowRight": "Right",
    "ButtonBack": "Back",
    "ButtonInfo": "Info",
    "ButtonHome": "Home",
    "ButtonSearch": "Search",
    "ButtonSettings": "Settings",
    "Audio": "Audio",
    "PlayOnAnotherDevice": "Play on another device",
    "TabControls": "Controls",
    "ButtonSubtitles": "Subtitles",
    "ButtonPreviousTrack": "Previous track",
    "ButtonNextTrack": "Next track",
    "ButtonStop": "Stop",
    "ButtonPause": "Pause",
    "ButtonNext": "Next",
    "ButtonPrevious": "Previous",
    "LabelMaxBitrate": "Max bitrate:",
    "LabelMaxBitrateHelp": "Specify a max bitrate in bandwidth constrained environments, or if the device imposes its own limit.",
    "LabelMusicStaticBitrate": "Music sync bitrate:",
    "LabelMusicStaticBitrateHelp": "Specify a max bitrate when syncing music",
    "LabelDeviceDescription": "Device description",
    "HeaderDownloadSubtitlesFor": "Download subtitles for:",
    "LabelSkipIfGraphicalSubsPresent": "Skip if the video already contains embedded subtitles",
    "LabelSkipIfGraphicalSubsPresentHelp": "Keeping text versions of subtitles will result in more efficient delivery and decrease the likelihood of video transcoding.",
    "TabSubtitles": "Subtitles",
    "HeaderDownloadLanguages": "Download Languages",
    "LabelSkipIfAudioTrackPresent": "Skip if the default audio track matches the download language",
    "LabelSkipIfAudioTrackPresentHelp": "Untick this to ensure all videos have subtitles, regardless of audio language.",
    "SendMessage": "Send message",
    "HeaderSendMessage": "Send Message",
    "ButtonSend": "Send",
    "ViewPlaybackInfo": "View playback info",
    "LabelMessageText": "Message text:",
    "LabelMessageTitle": "Message title:",
    "MessageNoAvailablePlugins": "No available plugins.",
    "LabelDisplayPluginsFor": "Show plugins for:",
    "PluginTabAppClassic": "Emby for Windows Media Centre",
    "HeaderTypeText": "Enter Text",
    "LabelTypeText": "Text",
    "TabDisplay": "Display",
    "TabLanguages": "Languages",
    "OptionAuto": "Auto",
    "OptionYes": "Yes",
    "OptionNo": "No",
    "OptionResumablemedia": "Resume",
    "OptionLatestMedia": "Latest media",
    "OptionNone": "None",
    "HeaderLiveTv": "Live TV",
    "HeaderSettings": "Settings",
    "OptionDefaultSort": "Default",
    "ButtonEditOtherUserPreferences": "Edit this user's profile, image and personal preferences.",
    "ViewTypeMovies": "Movies",
    "ViewTypeTvShows": "TV",
    "ViewTypeGames": "Games",
    "ViewTypeMusic": "Music",
    "ViewTypeMusicSongs": "Songs",
    "ViewTypeMusicFavorites": "Favourites",
    "ViewTypeMusicFavoriteAlbums": "Favourite Albums",
    "ViewTypeMusicFavoriteArtists": "Favourite Artists",
    "ViewTypeMusicFavoriteSongs": "Favourite Songs",
    "OptionLibraryFolders": "Media folders",
    "TitleRemoteControl": "Remote Control",
    "TabBranding": "Branding",
    "HeaderBrandingHelp": "Customise the appearance of Emby to fit the needs of your group or organisation.",
    "LabelLoginDisclaimer": "Login disclaimer:",
    "LabelLoginDisclaimerHelp": "This will be displayed at the bottom of the login page.",
    "TabDashboard": "Dashboard",
    "TitleServer": "Server",
    "LabelCache": "Cache:",
    "LabelLogs": "Logs:",
    "LabelMetadata": "Metadata:",
    "HeaderTranscodingTemporaryFiles": "Transcoding Temporary Files",
    "HeaderBranding": "Branding",
    "HeaderApiKeys": "API Keys",
    "HeaderApiKeysHelp": "External applications are required to have an API key in order to communicate with Emby Server. Keys are issued by logging in with an Emby account, or by manually granting the application a key.",
    "HeaderApiKey": "API Key",
    "HeaderApp": "App",
    "HeaderDevice": "Device",
    "HeaderUser": "User",
    "HeaderDateIssued": "Date Issued",
    "TabView": "View",
    "TabFilter": "Filter",
    "ButtonView": "View",
    "LabelView": "View:",
    "TabUsers": "Users",
    "HeaderFeatures": "Features",
    "HeaderAdvanced": "Advanced",
    "HeaderScheduledTasks": "Scheduled Tasks",
    "HeaderResumeSettings": "Resume Settings",
    "TitleUsers": "Users",
    "ButtonClose": "Close",
    "LabelAllLanguages": "All languages",
    "OptionAll": "All",
    "LabelImage": "Image:",
    "HeaderImages": "Images",
    "HeaderBackdrops": "Backdrops",
    "LabelJpgPngOnly": "JPG\/PNG only",
    "OptionSeason0": "Season 0",
    "HeaderFetcherSettings": "Fetcher Settings",
    "HeaderActivity": "Activity",
    "PluginInstalledWithName": "{0} was installed",
    "PluginUpdatedWithName": "{0} was updated",
    "PluginUninstalledWithName": "{0} was uninstalled",
    "LabelIpAddressValue": "IP address: {0}",
    "HeaderEmbyServer": "Emby Server",
    "MessageServerConfigurationUpdated": "Server configuration has been updated",
    "MessageNamedServerConfigurationUpdatedWithValue": "Server configuration section {0} has been updated",
    "MessageApplicationUpdated": "Emby Server has been updated",
    "ProviderValue": "Provider: {0}",
    "HeaderRecentActivity": "Recent Activity",
    "HeaderPeople": "People",
    "OptionComposers": "Composers",
    "OptionOthers": "Others",
    "ViewTypeFolders": "Folders",
    "OptionDisplayFolderView": "Display a folder view to show plain media folders",
    "OptionDisplayFolderViewHelp": "If enabled, Emby apps will display a Folders category alongside your media library. This is useful if you'd like to have plain folder views.",
    "ViewTypeLiveTvRecordingGroups": "Recordings",
    "ViewTypeLiveTvChannels": "Channels",
    "HeaderPassword": "Password",
    "HeaderViewOrder": "View Order",
    "HeaderPersonInfo": "Person Info",
    "HeaderConfirmDeletion": "Confirm Deletion",
    "LabelAlbumArtist": "Album artist:",
    "LabelAirDate": "Air days:",
    "LabelAirTime:": "Air time:",
    "LabelDisplaySpecialsWithinSeasons": "Display specials within seasons they aired in",
    "ButtonPurchase": "Purchase",
    "HeaderPhotoInfo": "Photo Info",
    "HeaderInstall": "Install",
    "LabelSelectVersionToInstall": "Select version to install:",
    "LinkLearnMoreAboutSubscription": "Learn about Emby Premiere",
    "MessagePluginRequiresSubscription": "This plugin will require an active Emby Premiere subscription after the 14 day free trial.",
    "MessagePremiumPluginRequiresMembership": "This plugin will require an active Emby Premiere subscription in order to purchase after the 14 day free trial.",
    "HeaderDeveloperInfo": "Developer Info",
    "HeaderRevisionHistory": "Revision History",
    "ButtonViewWebsite": "View website",
    "OptionSaveMetadataAsHidden": "Save metadata and images as hidden files",
    "LabelConnectGuestUserName": "Their Emby Connect e-mail address or user name:",
    "LabelConnectUserName": "(Optional) Emby Connect user name or e-mail address:",
    "LabelConnectUserNameHelp": "Optionally link this local user to an existing Emby Connect account to enable easy sign-in access from any Emby app without having to know the server's IP address.",
    "ButtonLearnMoreAboutEmbyConnect": "Learn more about Emby Connect",
    "LabelDateAddedBehavior": "Date added behaviour for new content:",
    "OptionDateAddedImportTime": "Use date scanned into the library",
    "OptionDateAddedFileTime": "Use file creation date",
    "LabelDateAddedBehaviorHelp": "If a metadata value is present it will always be used before either of these options.",
    "TitleDevices": "Devices",
    "TabCameraUpload": "Camera Upload",
    "TabDevices": "Devices",
    "HeaderLibrarySettings": "Library Settings",
    "HeaderThumbnailImages": "Thumbnail Images",
    "HeaderSubtitleDownloads": "Subtitle Downloads",
    "HeaderCameraUploadHelp": "Emby apps can automatically upload photos taken from your mobile devices into Emby Server.",
    "LabelCameraUploadPath": "Camera upload path:",
    "LabelCameraUploadPathHelp": "Select a custom upload path. This will override any default settings set in the Camera Upload section. If left blank, a default folder will be used. If using a custom path, it will also need to be added as a library in Emby library setup.",
    "DefaultCameraUploadPathHelp": "Select a custom upload path. If left blank, a default folder will be used. If using a custom path, it will also need to be added as a library in Emby library setup.",
    "LabelCreateCameraUploadSubfolder": "Create a subfolder for each device",
    "LabelCreateCameraUploadSubfolderHelp": "Specific folders can be assigned to a device by clicking on it from the Devices page.",
    "LabelCustomDeviceDisplayName": "Display name:",
    "LabelCustomDeviceDisplayNameHelp": "Supply a custom display name or leave empty to use the name reported by the device.",
    "HeaderInviteUser": "Invite User",
    "LabelConnectGuestUserNameHelp": "This is the username that your friend uses to sign in to the Emby website, or their email address.",
    "HeaderInviteUserHelp": "Sharing your media with friends is easier than ever before with Emby Connect.",
    "ButtonSendInvitation": "Send Invitation",
    "HeaderGuests": "Guests",
    "HeaderPendingInvitations": "Pending Invitations",
    "TabParentalControl": "Parental Control",
    "HeaderAccessSchedule": "Access Schedule",
    "HeaderAccessScheduleHelp": "Create an access schedule to limit access to certain hours.",
    "LabelAccessDay": "Day of week:",
    "LabelAccessStart": "Start time:",
    "LabelAccessEnd": "End time:",
    "HeaderSchedule": "Schedule",
    "OptionEveryday": "Every day",
    "OptionWeekdays": "Weekdays",
    "OptionWeekends": "Weekends",
    "HeaderOptionalLinkEmbyAccount": "Optional: Link your Emby Connect account",
    "ButtonTrailer": "Trailer",
    "MessageNoTrailersFound": "No trailers found. Install the Trailer channel to enhance your movie experience by adding a library of internet trailers.",
    "HeaderNewUsers": "New Users",
    "TitleNewUser": "New User",
    "ButtonConfigurePassword": "Configure Password",
    "HeaderDashboardUserPassword": "User passwords are managed within each user's personal profile settings.",
    "HeaderLibraryAccess": "Library Access",
    "HeaderChannelAccess": "Channel Access",
    "HeaderLatestItems": "Latest Items",
    "LabelForgotPasswordUsernameHelp": "Enter your username, if you remember it.",
    "TitlePasswordReset": "Password Reset",
    "HeaderParentalRatings": "Parental Ratings",
    "HeaderVideoTypes": "Video Types",
    "HeaderYears": "Years",
    "HeaderBlockItemsWithNoRating": "Block items with no or unrecognised rating information:",
    "LabelBlockContentWithTags": "Restrict Items With Tags",
    "LabelTagRestrictionMode": "Tag restriction mode:",
    "BlockItemsWithTheseTags": "Block items with these tags",
    "AllowItemsWithTheseTags": "Allow only items with these tags",
    "TabActivity": "Activity",
    "OptionAllowSyncContent": "Allow Sync",
    "OptionAllowContentDownloading": "Allow media downloading",
    "LabelNewUserNameHelp": "Usernames can contain letters (a-z), numbers (0-9), dashes (-), underscores (_), apostrophes ('), and full stops (.)",
    "HeaderThisUserIsCurrentlyDisabled": "This user is currently disabled. To enable this user, please see the option at the bottom of this page.",
    "OptionEnableTranscodingThrottle": "Enable throttling",
    "OptionEnableTranscodingThrottleHelp": "Throttling will automatically adjust transcoding speed in order to minimise server CPU utilisation during playback.",
    "LabelUploadSpeedLimit": "Upload speed limit (Mbps):",
    "OptionAllowSyncTranscoding": "Allow media downloading that requires transcoding",
    "AllowMediaConversion": "Allow media conversion",
    "AllowMediaConversionHelp": "Grant or deny access to the convert media feature.",
    "HeaderPlayback": "Media Playback",
    "OptionAllowAudioPlaybackTranscoding": "Allow audio playback that requires transcoding",
    "OptionAllowVideoPlaybackTranscoding": "Allow video playback that requires transcoding",
    "OptionAllowVideoPlaybackRemuxing": "Allow video playback that requires conversion without re-encoding",
    "OptionAllowMediaPlaybackTranscodingHelp": "Restricting access to transcoding will disable quality selection and may cause playback failures in Emby apps due to unsupported media formats or insufficient network bandwidth.",
    "TabStreaming": "Streaming",
    "LabelRemoteClientBitrateLimit": "Internet streaming bitrate limit (Mbps):",
    "LabelRemoteClientBitrateLimitHelp": "An optional per-stream bitrate limit for all out of network devices. This is useful to prevent devices from requesting a higher bitrate than your Internet connection can handle. This may result in increased CPU load on your server in order to transcode videos on the fly to a lower bitrate.",
    "LabelUserRemoteClientBitrateLimitHelp": "This will override the default global value set in advanced server settings.",
    "LabelConversionCpuCoreLimit": "CPU core limit:",
    "LabelConversionCpuCoreLimitHelp": "Limit the number of CPU cores that will be used during background conversion.",
    "OptionEnableFullSpeedConversion": "Enable full speed conversion",
    "OptionEnableFullSpeedConversionHelp": "By default, conversions are performed at a low speed to minimise resource consumption.",
    "TabPhotos": "Photos",
    "HeaderWelcomeToEmby": "Welcome to Emby",
    "EmbyIntroMessage": "With Emby you can easily stream videos, music and photos to smart phones, tablets and other devices from your Emby Server.",
    "ButtonConnect": "Connect",
    "HeaderNewServer": "New Server",
    "ButtonReset": "Reset",
    "LabelEnableFullScreen": "Enable fullscreen mode",
    "TabHomeScreen": "Home Screen",
    "HeaderDisplay": "Display",
    "HeaderNavigation": "Navigation",
    "OptionEnableAutomaticServerUpdates": "Enable automatic server updates",
    "HeaderOverview": "Overview",
    "HeaderType": "Type",
    "HeaderTunerDevices": "Tuner Devices",
    "HeaderTVSources": "TV Sources",
    "HeaderAddDevice": "Add Device",
    "HeaderExternalServices": "External Services",
    "LabelTunerIpAddress": "Tuner IP Address:",
    "HeaderGuideProviders": "Guide Data Sources",
    "AddGuideProviderHelp": "Add a source for TV Guide information",
    "LabelZipCode": "Post Code:",
    "GuideProviderSelectListings": "Select Listings",
    "GuideProviderLogin": "Login",
    "LabelLineup": "Lineup:",
    "MessageTunerDeviceNotListed": "Is your tuner device not listed? Try installing an external service provider for more Live TV options.",
    "LabelImportOnlyFavoriteChannels": "Restrict to channels marked as favourite",
    "ImportFavoriteChannelsHelp": "If enabled, only channels that are marked as favourite on the tuner device will be imported.",
    "ButtonRepeat": "Repeat",
    "LabelEnableThisTuner": "Enable this tuner",
    "LabelEnableThisTunerHelp": "Untick to prevent importing channels from this tuner.",
    "HeaderImagePrimary": "Primary",
    "HeaderImageBackdrop": "Backdrop",
    "HeaderImageLogo": "Logo",
    "HeaderUserPrimaryImage": "User Image",
    "ButtonProfile": "Profile",
    "ButtonProfileHelp": "Set your profile image and password.",
    "HeaderHomeScreenSettings": "Home Screen settings",
    "HeaderProfile": "Profile",
    "HeaderLanguage": "Language",
    "LabelTranscodingThreadCount": "Transcoding thread count:",
    "LabelTranscodingThreadCountHelp": "Select the maximum number of threads to use when transcoding. Reducing the thread count will lower CPU usage but may not convert fast enough for a smooth playback experience. Not all encoders and decoders support multi-threading, so this may have an effect in some cases but not others.",
    "OptionMax": "Max",
    "LabelTunerType": "Tuner type:",
    "HeaderSetupTVGuide": "Setup TV Guide",
    "HeaderDefaultRecordingSettings": "Default Recording Settings",
    "OptionEnableRecordingSubfolders": "Create sub-folders for categories such as Sports, Kids, etc.",
    "HeaderSubtitles": "Subtitles",
    "HeaderVideos": "Videos",
    "LabelHardwareAccelerationType": "Hardware acceleration:",
    "LabelHardwareAccelerationTypeHelp": "Available on supported systems only.",
    "HeaderAdmin": "Admin",
    "HeaderCameraUpload": "Camera Upload",
    "ButtonClear": "Clear",
    "LabelFolder": "Folder:",
    "HeadersFolders": "Folders",
    "LabelDisplayName": "Display name:",
    "OptionDownloadImagesInAdvance": "Download images in advance",
    "OptionDownloadImagesInAdvanceHelp": "By default, most images are only downloaded when requested by an Emby app. Enable this option to download all images in advance, as new media is imported. This may cause significantly longer library scans.",
    "DeleteImage": "Delete Image",
    "MessageThankYouForSupporting": "Thank you for supporting Emby.",
    "FileReadCancelled": "The file read has been cancelled.",
    "FileNotFound": "File not found.",
    "FileReadError": "An error occurred while reading the file.",
    "PinCodeResetComplete": "The PIN code has been reset.",
    "PinCodeResetConfirmation": "Are you sure you wish to reset the PIN code?",
    "HeaderPinCodeReset": "Reset PIN Code",
    "NoPluginConfigurationMessage": "This plugin has no settings to configure.",
    "NoPluginsInstalledMessage": "You have no plugins installed.",
    "BrowsePluginCatalogMessage": "Browse our plugin catalogue to view available plugins.",
    "HeaderNewApiKey": "New API Key",
    "LabelAppName": "App name",
    "LabelAppNameExample": "Example: Sickbeard, NzbDrone",
    "HeaderNewApiKeyHelp": "Grant an application permission to communicate with Emby Server.",
    "MessageKeyEmailedTo": "Key emailed to {0}.",
    "HeaderConfirmation": "Confirmation",
    "MessageKeyUpdated": "Thank you. Your Emby Premiere key has been updated.",
    "MessageKeyRemoved": "Thank you. Your Emby Premiere key has been removed.",
    "TextEnjoyBonusFeatures": "Enjoy Bonus Features",
    "MessageErrorLoadingSupporterInfo": "There was an error loading Emby Premiere information. Please try again later.",
    "HeaderConfirmRemoveUser": "Remove User",
    "ValueTimeLimitSingleHour": "Time limit: 1 hour",
    "ValueTimeLimitMultiHour": "Time limit: {0} hours",
    "General": "General",
    "HeaderScreenSavers": "Screen Savers",
    "Notifications": "Notifications",
    "Metadata": "Metadata",
    "Reporting": "Reporting",
    "HeaderSearch": "Search",
    "ValueDateCreated": "Date created: {0}",
    "LabelArtist": "Artist",
    "LabelMovie": "Movie",
    "LabelMusicVideo": "Music Video",
    "LabelEpisode": "Episode",
    "Series": "Series",
    "LabelStopping": "Stopping",
    "LabelCancelled": "Cancelled",
    "ButtonDownload": "Download",
    "HeaderDevices": "Devices",
    "HeaderSelectCertificatePath": "Select Certificate Path",
    "HeaderSupporterBenefit": "An active Emby Premiere subscription provides additional benefits such as access to Emby DVR, offline media, premium plugins, and more. {0}Learn more{1}.",
    "HeaderSelectDevices": "Select Devices",
    "ButtonReenable": "Re-enable",
    "LabelAbortedByServerShutdown": "(Aborted by server shutdown)",
    "LabelScheduledTaskLastRan": "Last ran {0}, taking {1}.",
    "HeaderDeleteTaskTrigger": "Delete Task Trigger",
    "MessageDeleteTaskTrigger": "Are you sure you wish to delete this task trigger?",
    "MessageNoPluginsInstalled": "You have no plugins installed.",
    "MessageNoPluginsDueToAppStore": "To manage plugins, please use the Emby web app.",
    "LabelVersionInstalled": "{0} installed",
    "LabelNumberReviews": "{0} Reviews",
    "LabelFree": "Free",
    "HeaderSelectAudio": "Select Audio",
    "HeaderSelectSubtitles": "Select Subtitles",
    "LabelDefaultStream": "(Default)",
    "LabelForcedStream": "(Forced)",
    "LabelDefaultForcedStream": "(Default\/Forced)",
    "LabelUnknownLanguage": "Unknown language",
    "LabelEnabled": "Enabled",
    "LabelDisabled": "Disabled",
    "Disabled": "Disabled",
    "ButtonMoreInformation": "More Information",
    "LabelNoUnreadNotifications": "No unread notifications.",
    "HeaderConfirmSeriesCancellation": "Confirm Series Cancellation",
    "HeaderConfirmRecordingDeletion": "Confirm Recording Deletion",
    "OptionWeekend": "Weekends",
    "OptionWeekday": "Weekdays",
    "LiveTvUpdateAvailable": "(Update available)",
    "LabelVersionUpToDate": "Up to date!",
    "ButtonCancelSeries": "Cancel Series",
    "HeaderSeriesRecordings": "Series Recordings",
    "LabelAnytime": "Any time",
    "StatusRecording": "Recording",
    "StatusWatching": "Watching",
    "StatusRecordingProgram": "Recording {0}",
    "StatusWatchingProgram": "Watching {0}",
    "HeaderSplitMedia": "Split Media Apart",
    "MessageConfirmSplitMedia": "Are you sure you wish to split the media sources into separate items?",
    "HeaderError": "Error",
    "HeaderSelectServerCachePath": "Select Server Cache Path",
    "HeaderSelectTranscodingPath": "Select Transcoding Temporary Path",
    "HeaderSelectMetadataPath": "Select Metadata Path",
    "HeaderSelectServerCachePathHelp": "Browse or enter the path to use for server cache files. The folder must be writeable.",
    "HeaderSelectTranscodingPathHelp": "Browse or enter the path to use for transcoding temporary files. The folder must be writeable.",
    "HeaderSelectMetadataPathHelp": "Browse or enter the path you'd like to store metadata within. The folder must be writeable.",
    "MessageFileWillBeDeleted": "The following file will be deleted:",
    "MessageSureYouWishToProceed": "Are you sure you wish to proceed?",
    "MessageFollowingFileWillBeMovedFrom": "The following file will be moved from:",
    "MessageDestinationTo": "to:",
    "HeaderRestart": "Restart",
    "HeaderShutdown": "Shutdown",
    "MessageConfirmRestart": "Are you sure you wish to restart Emby Server?",
    "MessageConfirmShutdown": "Are you sure you wish to shutdown Emby Server?",
    "ValueItemCount": "{0} item",
    "ValueItemCountPlural": "{0} items",
    "NewVersionOfSomethingAvailable": "A new version of {0} is available!",
    "VersionXIsAvailableForDownload": "Version {0} is now available for download.",
    "LabelVersionNumber": "Version {0}",
    "LabelPlayMethodTranscoding": "Transcoding",
    "LabelPlayMethodDirectStream": "Direct Streaming",
    "LabelPlayMethodDirectPlay": "Direct Playing",
    "LabelLocalAccessUrl": "In-Home (LAN) access: {0}",
    "LabelRemoteAccessUrl": "Remote (WAN) access: {0}",
    "LabelRunningOnPort": "Running on HTTP port {0}.",
    "LabelRunningOnPorts": "Running on HTTP port {0}, and HTTPS port {1}.",
    "HeaderLatestFromChannel": "Latest from {0}",
    "ButtonRemoteControl": "Remote Control",
    "HeaderLatestTvRecordings": "Latest Recordings",
    "LabelCurrentPath": "Current path:",
    "HeaderSelectMediaPath": "Select Media Path",
    "HeaderSelectPath": "Select Path",
    "ButtonNetwork": "Network",
    "MessageDirectoryPickerInstruction": "Network paths can be entered manually in the event the Network button fails to locate your devices. For example, {0} or {1}.",
    "MessageDirectoryPickerBSDInstruction": "For BSD, you may need to configure storage within your FreeNAS Jail in order to allow Emby to access it.",
    "MessageDirectoryPickerLinuxInstruction": "For Linux on Arch Linux, CentOS, Debian, Fedora, OpenSuse, or Ubuntu, you must grant the Emby system user at least read access to your storage locations.",
    "HeaderMenu": "Menu",
    "ButtonOpen": "Open",
    "ButtonShuffle": "Shuffle",
    "HeaderAudioTracks": "Audio Tracks",
    "HeaderLibraries": "Libraries",
    "MessageErrorPlayingVideo": "There was an error playing the video.",
    "MessageEnsureOpenTuner": "Please ensure there is an open tuner availalble.",
    "ButtonReports": "Reports",
    "MetadataManager": "Metadata Manager",
    "HeaderTime": "Time",
    "LabelAddedOnDate": "Added {0}",
    "ButtonStart": "Start",
    "OptionBlockLiveTvChannels": "Live TV Channels",
    "OptionBlockChannelContent": "Internet Channel Content",
    "ButtonRevoke": "Revoke",
    "MessageConfirmRevokeApiKey": "Are you sure you wish to revoke this API key? The application's connection to Emby Server will be abruptly terminated.",
    "HeaderConfirmRevokeApiKey": "Revoke API Key",
    "ValueContainer": "Container: {0}",
    "ValueAudioCodec": "Audio Codec: {0}",
    "ValueVideoCodec": "Video Codec: {0}",
    "ValueCodec": "Codec: {0}",
    "ValueConditions": "Conditions: {0}",
    "LabelAll": "All",
    "HeaderDeleteImage": "Delete Image",
    "MessageFileNotFound": "File not found.",
    "ButtonNextPage": "Next Page",
    "ButtonPreviousPage": "Previous Page",
    "MessagePleaseAcceptTermsOfServiceBeforeContinuing": "Please accept the terms of service before continuing.",
    "OptionOff": "Off",
    "OptionOn": "On",
    "ButtonUninstall": "Uninstall",
    "HeaderLiveTV": "Live TV",
    "MissingPrimaryImage": "Missing primary image.",
    "MissingBackdropImage": "Missing backdrop image.",
    "MissingLogoImage": "Missing logo image.",
    "MissingEpisode": "Missing episode.",
    "OptionBackdrops": "Backdrops",
    "OptionImages": "Images",
    "OptionKeywords": "Keywords",
    "OptionTags": "Tags",
    "OptionStudios": "Studios",
    "OptionName": "Name",
    "OptionOverview": "Overview",
    "OptionGenres": "Genres",
    "OptionPeople": "People",
    "OptionBirthLocation": "Birth Location",
    "HeaderChangeFolderType": "Change Content Type",
    "HeaderChangeFolderTypeHelp": "To change the type, please remove and rebuild the library with the new type.",
    "HeaderAlert": "Alert",
    "MessagePleaseRestart": "Please restart to finish updating.",
    "ButtonHide": "Hide",
    "MessageSettingsSaved": "Settings saved.",
    "TabLibrary": "Library",
    "TabLiveTV": "Live TV",
    "TabPlugins": "Plugins",
    "TabHelp": "Help",
    "HeaderNotifications": "Notifications",
    "HeaderSelectPlayer": "Select Player",
    "HeaderSpecials": "Specials",
    "HeaderTrailers": "Trailers",
    "HeaderResolution": "Resolution",
    "HeaderRuntime": "Runtime",
    "HeaderParentalRating": "Parental rating",
    "HeaderReleaseDate": "Release date",
    "HeaderSeries": "Series",
    "HeaderSeason": "Season",
    "HeaderSeasonNumber": "Season number",
    "HeaderNetwork": "Network",
    "HeaderYear": "Year",
    "HeaderEmbeddedImage": "Embedded image",
    "OptionHomeVideos": "Home videos & photos",
    "OptionBooks": "Books",
    "ButtonUp": "Up",
    "ButtonDown": "Down",
    "HeaderMetadataReaders": "Metadata Readers",
    "LabelMetadataReadersHelp": "Rank your preferred local metadata sources in order of priority. The first file found will be read.",
    "HeaderSubtitleDownloaders": "Subtitle Downloaders",
    "SubtitleDownloadersHelp": "Enable and rank your preferred subtitle downloaders in order of priority. Additional subtitle providers can be installed from the Emby plug-in catalogue.",
    "LabelMetadataDownloaders": "Metadata downloaders:",
    "LabelMetadataDownloadersHelp": "Enable and rank your preferred metadata downloaders in order of priority. Lower priority downloaders will only be used to fill in missing information.",
    "HeaderMetadataSavers": "Metadata Savers",
    "LabelMetadataSaversHelp": "Choose the file formats to save your metadata to.",
    "LabelImageFetchers": "Image fetchers:",
    "LabelImageFetchersHelp": "Enable and rank your preferred image fetchers in order of priority.",
    "PersonTypePerson": "Person",
    "HeaderRemoveMediaLocation": "Remove Media Location",
    "MessageConfirmRemoveMediaLocation": "Are you sure you wish to remove this location?",
    "LabelNewName": "New name:",
    "HeaderRemoveMediaFolder": "Remove Media Folder",
    "MessageTheFollowingLocationWillBeRemovedFromLibrary": "The following media locations will be removed from your Emby library:",
    "MessageAreYouSureYouWishToRemoveMediaFolder": "Are you sure you wish to remove this media folder?",
    "ButtonRename": "Rename",
    "ButtonChangeContentType": "Change content type",
    "HeaderMediaLocations": "Media Locations",
    "LabelContentTypeValue": "Content type: {0}",
    "FolderTypeUnset": "Mixed content",
    "HeaderPluginInstallation": "Plugin Installation",
    "MessageAlreadyInstalled": "This version is already installed.",
    "MessageYouHaveVersionInstalled": "You currently have version {0} installed.",
    "MessageTrialExpired": "The trial period for this feature has expired",
    "MessageTrialWillExpireIn": "The trial period for this feature will expire in {0} day(s)",
    "MessageInstallPluginFromApp": "This plugin must be installed from with in the app you intend to use it in.",
    "ValuePriceUSD": "Price: {0} (USD)",
    "MessageFeatureIncludedWithSupporter": "You are registered for this feature, and will be able to continue using it with an active Emby Premiere subscription.",
    "HeaderUnrated": "Unrated",
    "HeaderUnknownDate": "Unknown Date",
    "HeaderUnknownYear": "Unknown Year",
    "HeaderSelectExternalPlayer": "Select External Player",
    "HeaderExternalPlayerPlayback": "External Player Playback",
    "OptionWatched": "Watched",
    "OptionUnwatched": "Unwatched",
    "LabelMarkAs": "Mark as:",
    "OptionInProgress": "In-Progress",
    "LabelResumePoint": "Resume point:",
    "ValueOneTrailer": "1 trailer",
    "ValueTrailerCount": "{0} trailers",
    "ValueSeriesYearToPresent": "{0} - Present",
    "ValueAwards": "Awards: {0}",
    "ValuePremiered": "Premiered {0}",
    "ValuePremieres": "Premieres {0}",
    "ValueStudio": "Studio: {0}",
    "ValueStudios": "Studios: {0}",
    "ValueStatus": "Status: {0}",
    "LabelLimit": "Limit:",
    "ValueLinks": "Links: {0}",
    "ValueArtist": "Artist: {0}",
    "ValueArtists": "Artists: {0}",
    "MediaInfoCameraMake": "Camera make",
    "MediaInfoCameraModel": "Camera model",
    "MediaInfoAltitude": "Altitude",
    "MediaInfoAperture": "Aperture",
    "MediaInfoExposureTime": "Exposure time",
    "MediaInfoFocalLength": "Focal length",
    "MediaInfoOrientation": "Orientation",
    "MediaInfoIsoSpeedRating": "Iso speed rating",
    "MediaInfoLatitude": "Latitude",
    "MediaInfoLongitude": "Longitude",
    "MediaInfoShutterSpeed": "Shutter speed",
    "MediaInfoSoftware": "Software",
    "TabExpert": "Expert",
    "HeaderSelectCustomIntrosPath": "Select Custom Intros Path",
    "HeaderThankYou": "Thank You",
    "ReleaseYearValue": "Release year: {0}",
    "TabExtras": "Extras",
    "DeviceLastUsedByUserName": "Last used by {0}",
    "HeaderSelectUploadPath": "Select Upload Path",
    "ErrorMessageStartHourGreaterThanEnd": "End time must be greater than the start time.",
    "ButtonLibraryAccess": "Library access",
    "ButtonParentalControl": "Parental control",
    "MessagePluginConfigurationRequiresLocalAccess": "To configure this plugin please sign in to your local server directly.",
    "HeaderCancelSyncJob": "Cancel Sync",
    "MovieLibraryHelp": "Review the {0}Emby movie naming guide{1}.",
    "TvLibraryHelp": "Review the {0}Emby TV naming guide{1}.",
    "BookLibraryHelp": "Text books are supported. Review the {0}Emby Book naming guide{1}.",
    "MessageGamePluginRequired": "Requires installation of the GameBrowser plugin",
    "MessageUnsetContentHelp": "Content will be displayed as plain folders.",
    "ButtonNewServer": "New Server",
    "ButtonRemote": "Remote",
    "HeaderUnlockApp": "Unlock App",
    "HeaderUnlockSync": "Unlock Emby Sync",
    "MessagePaymentServicesUnavailable": "Payment services are currently unavailable. Please try again later.",
    "HeaderLibrary": "Library",
    "HeaderMedia": "Media",
    "NoNewDevicesFound": "No new devices found. To add a new tuner, close this dialogue and enter the device information manually.",
    "ManageLibrary": "Manage library",
    "HeaderConfirm": "Confirm",
    "MessageConfirmDeleteTunerDevice": "Are you sure you wish to delete this device?",
    "MessageConfirmDeleteGuideProvider": "Are you sure you wish to delete this guide provider?",
    "HeaderDeleteProvider": "Delete Provider",
    "ErrorAddingTunerDevice": "There was an error adding the tuner device. Please ensure it is accessible and try again.",
    "ErrorSavingTvProvider": "There was an error saving the TV provider. Please ensure it is accessible and try again.",
    "ErrorGettingTvLineups": "There was an error downloading TV lineups. Please ensure your information is correct and try again.",
    "MessageCreateAccountAt": "Create an account at {0}",
    "ErrorPleaseSelectLineup": "Please select a lineup and try again. If no lineups are available, then please check that your username, password, and postal code is correct.",
    "HeaderTryEmbyPremiere": "Try Emby Premiere",
    "OptionEnableDisplayMirroring": "Enable display mirroring",
    "ErrorValidatingSupporterInfo": "There was an error validating your Emby Premiere information. Please try again later.",
    "LabelLocalSyncStatusValue": "Status: {0}",
    "OptionBackdropSlideshow": "Backdrop slideshow",
    "HeaderTopPlugins": "Top Plugins",
    "ButtonOther": "Other",
    "ButtonMenu": "Menu",
    "ForAdditionalLiveTvOptions": "Browse the Emby {0}plugin catalogue{1} to install additional Live TV providers.",
    "AddUser": "Add User",
    "HeaderEmailAddress": "E-Mail Address",
    "NumLocationsValue": "{0} folders",
    "ErrorAddingListingsToSchedulesDirect": "There was an error adding the lineup to your Schedules Direct account. Schedules Direct only allows a limited number of lineups per account. You may need to log into the Schedules Direct website and remove others listings from your account before proceeeding.",
    "PleaseAddAtLeastOneFolder": "Please add at least one folder to this library by clicking the Add button.",
    "ErrorAddingMediaPathToVirtualFolder": "There was an error adding the media path. Please ensure the path is valid and the Emby Server process has access to that location.",
    "ErrorAddingEmbyConnectAccount3": "The Emby account is already linked to an existing local user. An Emby account can only be linked to one local user at a time.",
    "HeaderConfirmPluginInstallation": "Confirm Plugin Installation",
    "PleaseConfirmPluginInstallation": "Please click OK to confirm you've read the above and wish to proceed with the plugin installation.",
    "MessagePluginInstallDisclaimer": "Plugins built by Emby community members are a great way to enhance your Emby experience with additional features and benefits. Before installing, please be aware of the effects they may have on your Emby Server, such as longer library scans, additional background processing and decreased system stability.",
    "TitleHardwareAcceleration": "Hardware Acceleration",
    "HardwareAccelerationWarning": "Enabling hardware acceleration may cause instability in some environments. Ensure that your operating system and video drivers are fully up to date. If you have difficulty playing video after enabling this, you'll need to change the setting back to Auto.",
    "ValueExample": "Example: {0}",
    "LabelFileOrUrl": "File or URL:",
    "OptionEnableForAllTuners": "Enable for all tuner devices",
    "HeaderTuners": "Tuners",
    "LabelOptionalM3uUrl": "M3U URL (optional):",
    "LabelOptionalM3uUrlHelp": "Some devices support an M3U channel listing.",
    "TabResumeSettings": "Resume Settings",
    "DrmChannelsNotImported": "Channels with DRM will not be imported.",
    "LabelAllowHWTranscoding": "Allow hardware transcoding",
    "AllowHWTranscodingHelp": "If enabled, allow the tuner to transcode streams on the fly. This may help reduce transcoding required by Emby Server.",
    "MetadataSettingChangeHelp": "Changing metadata settings will affect new content that is added going forward. To refresh existing content, open the detail screen and click the refresh button, or perform bulk refreshes using the metadata manager.",
    "RecordingPathChangeMessage": "Changing your recording folder will not migrate existing recordings from the old location to the new. You'll need to move them manually if desired.",
    "LabelSportsCategories": "Sports categories:",
    "XmlTvSportsCategoriesHelp": "Programmes with these categories will be displayed as sports programmes. Separate multiple with '|'.",
    "LabelNewsCategories": "News categories:",
    "XmlTvNewsCategoriesHelp": "Programmes with these categories will be displayed as news programmes. Separate multiple with '|'.",
    "LabelKidsCategories": "Children's categories:",
    "XmlTvKidsCategoriesHelp": "Programmes with these categories will be displayed as programmes for children. Separate multiple with '|'.",
    "LabelMovieCategories": "Movie categories:",
    "XmlTvMovieCategoriesHelp": "Programmes with these categories will be displayed as movies. Separate multiple with '|'.",
    "XmlTvPathHelp": "A path to an XML TV file. Emby will read this file and periodically check it for updates. You are responsible for creating and updating the file.",
    "LabelLocalIpAddress": "Local IP address:",
    "LabelBindToLocalNetworkAddressHelp": "Optional. Override the local IP address that Emby Server will present to Emby apps. If left blank, the server will automatically detect the local IP address.",
    "SettingsWarning": "Changing these values may cause instability or connectivity failures. If you experience any problems, we recommend changing them back to default.",
    "MapChannels": "Map Channels",
    "OptionSaveMetadataAsHiddenHelp": "Changing this will apply to new metadata saved going forward. Existing metadata files will be updated the next time they are saved by Emby Server.",
    "EnablePhotos": "Enable photos",
    "EnablePhotosHelp": "Photos will be detected and displayed alongside other media files.",
    "LabelMaxAudioFileBitrate": "Max audio file bitrate:",
    "LabelMaxAudioFileBitrateHelp": "Audio files with a higher bitrate will be converted by Emby Server. Select a higher value for better quality, or a lower value to conserve local storage space.",
    "SaveThumbnailImagesIntoMediaFolders": "Save video preview thumbnails into media folders",
    "LabelGenerateVideoPreviewThumbnails": "Generate video preview thumbnails:",
    "LabelEnableDebugLogging": "Enable debug logging",
    "OptionEnableExternalContentInSuggestions": "Enable external content in suggestions",
    "OptionEnableExternalContentInSuggestionsHelp": "Allow internet trailers and live TV programmes to be included within suggested content.",
    "LabelH264EncodingPreset": "H.264 encoding preset:",
    "H264EncodingPresetHelp": "Choose a faster value to improve performance, or a slower value to improve quality.",
    "LabelH264Crf": "H.264 encoding CRF:",
    "H264CrfHelp": "The Constant Rate Factor (CRF) is the default quality setting for the x264 encoder. You can set the values between 0 and 51, where lower values would result in better quality (at the expense of higher file sizes). Sane values are between 18 and 28. The default for x264 is 23, so you can use this as a starting point.",
    "LabelOptionalNetworkPath": "(Optional) Shared network folder:",
    "LabelOptionalNetworkPathHelp": "If this folder is shared on your network, supplying the network share path can allow Emby apps on other devices to access media files directly.",
    "SynologyUpdateInstructions": "Please login to DSM and go to Package Centre to update.",
    "LabelMoviePrefix": "Movie prefix:",
    "LabelMoviePrefixHelp": "If a prefix is applied to movie titles, enter it here so that Emby can handle it properly.",
    "HeaderRecordingPostProcessing": "Recording Post Processing",
    "LabelPostProcessorArguments": "Post-processor command line arguments:",
    "LabelPostProcessorArgumentsHelp": "Use {path} as the path to the recording file.",
    "LabelPostProcessor": "Post-processing application:",
    "ErrorAddingXmlTvFile": "There was an error accessing the XmlTV file. Please ensure the file exists and try again.",
    "OptionAutomaticallyGroupSeries": "Automatically merge series that are spread across multiple folders",
    "OptionAutomaticallyGroupSeriesHelp": "If enabled, series that are spread across multiple folders within this library will be automatically merged into a single series.",
    "WhenDidYouPurchaseApp": "When did you originally purchase this app?",
    "PreferEmbeddedTitlesOverFileNames": "Prefer embedded titles over filenames",
    "PreferEmbeddedTitlesOverFileNamesHelp": "This determines the default display title when no internet metadata or local metadata is available.",
    "HeaderLiveTvTunerSetup": "Live TV Tuner Setup",
    "HeaderTVSourceSetup": "TV Source Setup",
    "HeaderDetectMyDevices": "Detect My Devices",
    "MessagePleaseWait": "Please wait. This may take a minute.",
    "DetectingDevices": "Detecting devices",
    "LabelAutomaticallyRefreshInternetMetadataEvery": "After the initial import, automatically refresh metadata from the internet:",
    "Never": "Never",
    "EveryNDays": "Every {0} days",
    "HeaderNewDevices": "New Devices",
    "LabelCertificatePassword": "Certificate password:",
    "LabelCertificatePasswordHelp": "If your certificate requires a password, please enter it here.",
    "LabelEnableHardwareDecodingFor": "Enable hardware decoding for:",
    "EnableHardwareEncoding": "Enable hardware encoding",
    "Rate": "Rate",
    "HeaderNewLibrary": "New Library",
    "HttpsRequiresCert": "To enable secure connections, you will need to supply a trusted SSL certificate, such as Let's Encrypt. Please either supply a certificate or disable secure connections.",
    "ServerRestartNeededAfterPluginInstall": "Emby Server will need to be restarted after installing a plug-in.",
    "PluginInstalledMessage": "The plug-in has been successfully installed. Emby Server will need to be restarted for changes to take effect.",
    "Themes": "Themes",
    "MessagePremiereStatusGood": "You have a {0} Emby Premiere plan and your device usage is well within your limit.",
    "MessagePremiereStatusClose": "You have a {0} Emby Premiere plan but your device usage is close to the limit.",
    "MessagePremiereExtendedPlans": "Consider an {0}extended device plan{1}",
    "MessagePremiereStatusOver": "You have a {0} Emby Premiere plan but you are over your device limit!",
    "ListItemPremiereSub": "{0} subscription purchased via {2} expires {1}",
    "LabelClickToCancel": "Click to cancel this subscription",
    "LabelCancelInfo": "You can manage this subscription directly with {0}",
    "LabelAlreadyCanceled": "This subscription has been cancelled. Key will remain valid until expiration.",
    "HeaderCancelSub": "Cancel Emby Premiere",
    "MessageConfirmSubCancel": "NO, Please don't go... You will miss out on all the great features of Emby Premiere!",
    "ButtonCancelSub": "I know, cancel it anyway",
    "ButtonDontCancelSub": "Keep Emby Premiere",
    "MessageSubCancelReqSent": "An e-mail has been sent to the owner of the key. Please follow the instructions in that e-mail to complete the cancellation of this subscription. We hope to see you back soon!",
    "MessageSubCancelError": "Something went wrong trying to cancel.  Please send an e-mail to {0} and we'll get you squared away.",
    "LabelAlreadyCancelled": "This subscription has been cancelled. You will not be charged again but the features will work until the date above.",
    "AllowOnTheFlySubtitleExtraction": "Allow subtitle extraction on the fly",
    "AllowOnTheFlySubtitleExtractionHelp": "Embedded subtitles can be extracted from videos and delivered to Emby apps in plain text in order to help prevent video transcoding. On some systems, this can take a long time and cause video playback to stall during the extraction process. Disable this to have embedded subtitles burned in with video transcoding when they are not natively supported by the client device.",
    "ButtonStopRecording": "Stop Recording",
    "EnableDebugLoggingHelp": "Debug logging should only be enabled as needed for troubleshooting purposes. The increased file system access may prevent the server machine from being able to sleep in some environments.",
    "LabelSimultaneousConnectionLimit": "Simultaneous stream limit:",
    "SimultaneousConnectionLimitHelp": "The maximum number of allowed simultaneous streams. Enter 0 for no limit.",
    "LaunchWebAppOnStartup": "Launch the Emby web app in my web browser when Emby Server starts",
    "LaunchWebAppOnStartupHelp": "This will open the web app in your default web browser when Emby Server initially starts. This will not occur when using the restart server function.",
    "LabelReferrerHeader": "Referrer HTTP header:",
    "LabelUserAgentHeader": "User agent HTTP header:",
    "SupplyCustomValueIfNeeded": "Supply a custom HTTP header value, if necessary.",
    "HeaderConfigureRemoteAccess": "Configure Remote Access",
    "LearnHowToCreateSynologyShares": "Learn how to share folders in Synology.",
    "LabelAllowedRemoteAddresses": "Remote IP address filter:",
    "LabelAllowedRemoteAddressesMode": "Remote IP address filter mode:",
    "Whitelist": "Whitelist",
    "Blacklist": "Blacklist",
    "AllowedRemoteAddressesHelp": "Comma separated list of IP addresses or IP\/netmask entries for networks that will be allowed to connect remotely. If left blank, all remote addresses will be allowed.",
    "LabelLanNetworks": "LAN networks:",
    "LanNetworksHelp": "Comma separated list of IP addresses or IP\/netmask entries for networks that will be considered on local network when enforcing bandwidth restrictions. If set, all other IP addresses will be considered to be on the external network and will be subject to the external bandwidth restrictions. If left blank, only the server's subnet and common private IP subnets (10.0.0.0\/8, 192.168.0.0\/24, etc.) are considered to be on the local network.",
    "LabelSecureConnectionsMode": "Secure connection mode:",
    "PreferredNotRequired": "Preferred, but not required",
    "RequiredForAllRemoteConnections": "Required for all remote connections",
    "HandledByProxy": "Handled by reverse proxy",
    "SaveSubtitlesIntoMediaFolders": "Save subtitles into media folders",
    "SaveSubtitlesIntoMediaFoldersHelp": "Storing subtitles next to video files will allow them to be more easily managed.",
    "AutomaticSubtitleDownloadInstructions": "To manage automatic subtitle downloading, click on a library in Emby library setup then edit the subtitle downloading settings for that library.",
    "OpenSubtitleInstructions": "You'll need to configure Open Subtitles account information on the Open Subtitles configuration screen in the Emby Server dashboard.",
    "LabelEnableHardwareAcceleration": "Enable hardware acceleration when available:",
    "HeaderPreferredHardwareDecoders": "Preferred Hardware Decoders",
    "HeaderPreferredHardwareEncoders": "Preferred Hardware Encoders",
    "AllowChangingImageAndPassword": "Allow this user to change their password and profile image",
    "LabelTranscodeBuffer": "Transcode buffer:",
    "LabelTranscodePosition": "Transcode position:",
    "LabelPlaybackPosition": "Playback position:",
    "LabelSimultaneousStreamLimit": "Max simultaneous video streams:",
    "SimultaneousStreamLimitHelp": "Limit the number of concurrent video playback sessions.",
    "LabelMusicFolderStructure": "Music folder structure:",
    "LabelMusicFolderStructureHelp": "This provides a hint to the library scanner about the way your folders are organised. If you're unsure, or if your folders don't exactly match one of the options, please select the default option of Other.",
    "OtherOrUnstructured": "Other or unstructured",
    "PerfectArtistAlbumTrack": "Perfectly organised into artist\\album folders, with tracks directly in the album folders.",
    "PerfectAlbumTrack": "Perfectly organised into album folders, with tracks directly in the album folders.",
    "LiveTVServiceIntegrationHelp": "Please see our guide on {0}integrating {1} into Emby{2}.",
    "LabelMinCollectionSize": "Minimum automatic collection size:",
    "MinCollectionSizeHelp": "Automatically create collections when you have at least the selected number of titles in your library. Changing this value will not affect existing collections.",
    "LabelImportCollections": "Import collection information from metadata downloaders",
    "LabelImportCollectionsHelp": "When enabled, this will import collection information from your enabled metadata downloaders. This may cause unwanted collections to be automatically created. Disabling will prevent future collections from being automatically created, but will not delete existing ones.",
    "LabelAllowAdultMetadata": "Allow adult metadata",
    "LabelAllowAdultMetadataHelp": "Allow matching adult titles when searching for internet metadata.",
    "HeaderVideoPreviewThumbnails": "Video Preview Thumbnails",
    "LabelEnableHDRToneMapping": "Enable HDR tone mapping:",
    "EnableHDRToneMappingHelp": "Tone mapping will ensure correct colour conversion when transcoding HDR content, which will otherwise appear highly dimmed and desaturated. Additional driver components may be needed to support hardware acceleration with this feature enabled. Please see our hardware acceleration setup guide for details.",
    "WithHardwareAcceleratedTranscoding": "Yes, only with hardware acceleration",
    "TranscodingStillInitializing": "Emby Server transcoding services are still busy starting up. This screen will automatically refresh when transcoding services are ready.",
    "WithSoftwareTranscoding": "Yes, with forced software transcoding",
    "WithEitherHardwareOrSoftwareTranscoding": "Yes, with either hardware or software transcoding",
    "ToneMappingInHardwareDescription": "Tone mapping will be performed with hardware acceleration when it is enabled and supported by the hardware, and skipped in all other cases.",
    "ToneMappingInSoftwareDescription": "Tone mapping will be performed in software by the CPU. This is much slower than hardware accelerated tone mapping and will require a very powerful server machine.",
    "ToneMappingInBothDescription": "Tone mapping will be performed with hardware acceleration when it is enabled and supported by the hardware, and will fallback to software in all other cases. Tone mapping in software is much slower than hardware accelerated tone mapping and will require a very powerful server machine.",
    "AutoMapped": "Automatically mapped",
    "ManuallyMapped": "Manually mapped",
    "NotMappedToGuideData": "Not mapped to guide data",
    "MappedToValue": "Mapped to {0}",
    "LabelAutomaticallyWakeServerForRecordings": "Automatically wake the server machine to perform recordings",
    "LabelAutomaticallyWakeServerForRecordingsHelp": "Wake events will be scheduled with the server operating system. Disabling this option will prevent future wake events from being scheduled but will not remove any previously scheduled events.",
    "Database": "Database",
    "LabelOptimizeDatabaseOnShutdown": "Attempt to optimize the database on server shutdowns",
    "LabelOptimizeDatabaseOnShutdownHelp": "The database optimize operation is usually a no-op but it will occasionally run an analysis if it seems like doing so will be useful to the query planner. This may cause Emby Server to take longer to shutdown.",
    "LabelDatabaseCacheSize": "Database cache size (MB)",
    "LabelDatabaseCacheSizeHelp": "Sets the amount of data that the database will hold in memory at once, per database file. A larger value may help improve Emby Server performance. Requires a server restart to take effect.",
    "LabelDatabaseAnalysisLimit": "Analysis row limit",
    "LabelDatabaseAnalysisLimitHelp": "When the database is optimized, this is the approximate number of rows examined in each index by the ANALYZE command. A larger value will increase the effectiveness of the database optimization, but may cause Emby Server to take longer to shutdown.",
    "LabelVacuumDb": "Vacuum the database on the next Emby Server startup",
    "LabelVacuumDbHelp": "The vacuum command rebuilds the database file, repacking it into a minimal amount of disk space. In some cases this may improve Emby Server performance. Please note that your Emby Server will not be usable during the time of the vacuum operation, nor will there be any way to monitor the progress of the vacuum. Please avoid force closing the Emby Server process during this time as it may lead to database corruption. This is a one-time operation and this option will revert to unchecked on the next server startup.",
    "AdvancedOptionsWarning": "These are advanced options and should generally be left at defaults unless you have a reason to change them."
}